33	- [Mewaldt et al. 2001](01_cosmic-ray-propagation/0004_mewaldt-2001-clocks/literature_analysis/00_overview.md) — 放射性时钟（¹⁰Be/²⁶Al）	- [Mewaldt et al. 2001](01_cosmic-ray-propagation/0004_mewaldt-2001-clocks/literature_analysis/00_overview.md) — 放射性时钟（$^{10}{\rm Be}$/$^{26}{\rm Al}$）	R2 核素/希腊字母/单位
53	- [B²FH 1957](03_stellar-nucleosynthesis/0001_b2fh-1957/literature_analysis/00_overview.md) — 恒星核合成经典论文	- [B$^2$FH 1957](03_stellar-nucleosynthesis/0001_b2fh-1957/literature_analysis/00_overview.md) — 恒星核合成经典论文	R2 核素/希腊字母/单位
73	2. **核合成**：B²FH 1957（经典）+ Fowler 1984（R 过程）+ 背景 `02_nucleosynthesis.md`	2. **核合成**：B$^2$FH 1957（经典）+ Fowler 1984（R 过程）+ 背景 `02_nucleosynthesis.md`	R2 核素/希腊字母/单位
31	| 晕高度 $z_h$ | 4–6 kpc（¹⁰Be 约束） | — | Strong et al. 2007 | §3.2 |	| 晕高度 $z_h$ | 4–6 kpc（$^{10}{\rm Be}$ 约束） | — | Strong et al. 2007 | §3.2 |	R2 核素/希腊字母/单位
34	| ¹⁰Be 半衰期（用于 halo 约束） | 1.6 Myr | — | Grenier, Black & Strong 2015 | §99.7 |	| $^{10}{\rm Be}$ 半衰期（用于 halo 约束） | 1.6 Myr | — | Grenier, Black & Strong 2015 | §99.7 |	R2 核素/希腊字母/单位
35	| 加速延迟 | $\geq 10^5$ 年（⁵⁹Ni） | — | Strong et al. 2007 | §3.3 |	| 加速延迟 | $\geq 10^5$ 年（$^{59}{\rm Ni}$） | — | Strong et al. 2007 | §3.3 |	R2 核素/希腊字母/单位
79	| BBN/⁴He 光致分解上限 | $(\text{}^3\text{He}+\text{D})/\text{H}<5\times10^{-5}$ | — | Bhattacharjee & Sigl 1999 | §2.5 |	| BBN/$^{4}{\rm He}$ 光致分解上限 | $(\text{}^3\text{He}+\text{D})/\text{H}<5\times10^{-5}$ | — | Bhattacharjee & Sigl 1999 | §2.5 |	R2 核素/希腊字母/单位
120	| γ 射线能量区（SNR 范式） | 50–500 TeV | — | Blasi 2013 | §15.7 |	| $\gamma$ 射线能量区（SNR 范式） | 50–500 TeV | — | Blasi 2013 | §15.7 |	R2 核素/希腊字母/单位
121	| π⁰ 鼓包能量 | ~70 MeV | — | Amato 2014 | §11.7 |	| $\pi$⁰ 鼓包能量 | ~70 MeV | — | Amato 2014 | §11.7 |	R2 核素/希腊字母/单位
128	| ζ_H^CR（本地） | ~$1.4\times10^{-17}$ s⁻¹ | — | Grenier 2015 | §99.4 |	| $\zeta$_H^CR（本地） | ~$1.4\times10^{-17}$ s⁻¹ | — | Grenier 2015 | §99.4 |	R2 核素/希腊字母/单位
130	| ζ_H^CR（CMZ） | ~$2\text{–}7\times10^{-15}$ s⁻¹ | — | Grenier 2015 | §99.7 |	| $\zeta$_H^CR（CMZ） | ~$2\text{–}7\times10^{-15}$ s⁻¹ | — | Grenier 2015 | §99.7 |	R2 核素/希腊字母/单位
131	| ζ_$H_{2}$^CR（Arp 220） | $>10^{-13}$ s⁻¹（比 CMZ 高 $10^2$ 倍） | — | Grenier 2015 | §99.4 |	| $\zeta$_$H_{2}$^CR（Arp 220） | $>10^{-13}$ s⁻¹（比 CMZ 高 $10^2$ 倍） | — | Grenier 2015 | §99.4 |	R2 核素/希腊字母/单位
137	| CR 梯度（qγ_H 在 0–17 kpc 变化） | $<40\%$ | — | Grenier 2015 | §99.4 |	| CR 梯度（q$\gamma$_H 在 0–17 kpc 变化） | $<40\%$ | — | Grenier 2015 | §99.4 |	R2 核素/希腊字母/单位
147	| ²²Ne/²⁰Ne 比（CR/Solar） | $5.3\pm 0.3$ | — | Grenier 2015 | §99.7 |	| $^{22}{\rm Ne}$/$^{20}{\rm Ne}$ 比（CR/Solar） | $5.3\pm 0.3$ | — | Grenier 2015 | §99.7 |	R2 核素/希腊字母/单位
161	| Biermann：β_crit | $\propto (Z^2 n_e \tau)^{1/3}$ | — | Biermann 1996 | §9.3 |	| Biermann：$\beta$_crit | $\propto (Z^2 n_e \tau)^{1/3}$ | — | Biermann 1996 | §9.3 |	R2 核素/希腊字母/单位
169	### 2.1 B²FH 与核过程框架（B²FH 1957; Trimble 1975; Fowler 1984; Wallerstein 1997）	### 2.1 B$^2$FH 与核过程框架（B$^2$FH 1957; Trimble 1975; Fowler 1984; Wallerstein 1997）	R2 核素/希腊字母/单位
173	| 八大合成过程 | H 燃烧、He 燃烧、α、ε、s、r、p、x（+ ν） | — | B²FH 1957; Wallerstein 1997 | §15.4 |	| 八大合成过程 | H 燃烧、He 燃烧、$\alpha$、$\epsilon$、s、r、p、x（+ $\nu$） | — | B$^2$FH 1957; Wallerstein 1997 | §15.4 |	R2 核素/希腊字母/单位
174	| s 过程丰度峰（Zr/Ba/Pb） | A=90 (Z=50), 138, 208 (Z=82) | — | B²FH 1957 | §15.4 |	| s 过程丰度峰（Zr/Ba/Pb） | A=90 (Z=50), 138, 208 (Z=82) | — | B$^2$FH 1957 | §15.4 |	R2 核素/希腊字母/单位
175	| r 过程丰度峰（Se/Xe/Os） | A=80, 130, 194 | — | B²FH 1957 | §15.4 |	| r 过程丰度峰（Se/Xe/Os） | A=80, 130, 194 | — | B$^2$FH 1957 | §15.4 |	R2 核素/希腊字母/单位
176	| r 过程丰度峰（中子幻数） | N=50, 82, 126 | — | B²FH 1957; Fowler 1984 | §15.7 |	| r 过程丰度峰（中子幻数） | N=50, 82, 126 | — | B$^2$FH 1957; Fowler 1984 | §15.7 |	R2 核素/希腊字母/单位
177	| 稳态流判据 | $\sigma(A)\cdot N(A) = \text{const}$ | — | B²FH 1957 | §15.4 |	| 稳态流判据 | $\sigma(A)\cdot N(A) = \text{const}$ | — | B$^2$FH 1957 | §15.4 |	R2 核素/希腊字母/单位
178	| 银河系年龄（U²³⁵/U²³⁸ 定年） | ~$10^{10}$ yr | — | B²FH 1957 | §15.4 |	| 银河系年龄（U²³⁵/U²³⁸ 定年） | ~$10^{10}$ yr | — | B$^2$FH 1957 | §15.4 |	R2 核素/希腊字母/单位
179	| 中子源 | ¹²C(α,n)¹⁶O、²⁰Ne(α,n)²⁴Mg | — | B²FH 1957 | §15.4 |	| 中子源 | $^{12}{\rm C}$($\alpha$,n)$^{16}{\rm O}$、$^{20}{\rm Ne}$($\alpha$,n)$^{24}{\rm Mg}$ | — | B$^2$FH 1957 | §15.4 |	R2 核素/希腊字母/单位
180	| s 过程主要中子源 | ¹³C(α,n)（低温，主导） | — | Trimble 1975; Wallerstein 1997 | §99.7 / §15.4 |	| s 过程主要中子源 | $^{13}{\rm C}$($\alpha$,n)（低温，主导） | — | Trimble 1975; Wallerstein 1997 | §99.7 / §15.4 |	R2 核素/希腊字母/单位
181	| s 过程次中子源 | ²²Ne(α,n)（高温，次要） | — | Wallerstein 1997 | §15.7 |	| s 过程次中子源 | $^{22}{\rm Ne}$($\alpha$,n)（高温，次要） | — | Wallerstein 1997 | §15.7 |	R2 核素/希腊字母/单位
182	| AGB 星 | 银河系 ¹²C + s 过程主要来源 | — | Wallerstein 1997 | §15.4 |	| AGB 星 | 银河系 $^{12}{\rm C}$ + s 过程主要来源 | — | Wallerstein 1997 | §15.4 |	R2 核素/希腊字母/单位
183	| AGB ¹⁷⁷Lu 分支点 | 温度诊断器 | — | Trimble 1975 | §99.7 |	| AGB $^{177}{\rm Lu}$ 分支点 | 温度诊断器 | — | Trimble 1975 | §99.7 |	R2 核素/希腊字母/单位
184	| Y_p（BBN ⁴He） | 0.24–0.25（$Y_p\approx 2(n_n/n_p)/(1+n_n/n_p)$） | — | Trimble 1975 | §99.7 |	| Y_p（BBN $^{4}{\rm He}$） | 0.24–0.25（$Y_p\approx 2(n_n/n_p)/(1+n_n/n_p)$） | — | Trimble 1975 | §99.7 |	R2 核素/希腊字母/单位
187	| Hoyle 共振态（¹²C） | 7.65 MeV（0.2875 MeV 高于 ⁸Be+α） | — | Trimble 1975; Fowler 1984 | §99.7 / §15.4 |	| Hoyle 共振态（$^{12}{\rm C}$） | 7.65 MeV（0.2875 MeV 高于 $^{8}{\rm Be}$+$\alpha$） | — | Trimble 1975; Fowler 1984 | §99.7 / §15.4 |	R2 核素/希腊字母/单位
193	| ¹²C(α,γ)¹⁶O 外推分歧 | **1.6×** | — | Fowler 1984 | §15.4 |	| $^{12}{\rm C}$($\alpha$,$\gamma$)$^{16}{\rm O}$ 外推分歧 | **1.6×** | — | Fowler 1984 | §15.4 |	R2 核素/希腊字母/单位
194	| ¹²C(α,γ)¹⁶O $S_{cap}$（Wallerstein 1997） | $S_{cap}(0.3\text{ MeV}) = 120\pm 40$ keV·b | ~30% | Wallerstein 1997 | §15.4 |	| $^{12}{\rm C}$($\alpha$,$\gamma$)$^{16}{\rm O}$ $S_{cap}$（Wallerstein 1997） | $S_{cap}(0.3\text{ MeV}) = 120\pm 40$ keV·b | ~30% | Wallerstein 1997 | §15.4 |	R2 核素/希腊字母/单位
196	| 25 M☉ 过产比 | ~14 | — | Fowler 1984 | §15.4 |	| 25 $M_\odot$ 过产比 | ~14 | — | Fowler 1984 | §15.4 |	R2 核素/希腊字母/单位
198	| ²⁶Al 1809 keV γ 线 | 近 5σ | — | Fowler 1984 | §15.4 |	| $^{26}{\rm Al}$ 1809 keV $\gamma$ 线 | 近 5$\sigma$ | — | Fowler 1984 | §15.4 |	R2 核素/希腊字母/单位
199	| Cameron-Cowan-Truran r 过程（Fowler 1984） | ¹³C 富集、14.3% 质量分数、$\rho=10^3$ g cm⁻³ | — | Fowler 1984 | §15.4 |	| Cameron-Cowan-Truran r 过程（Fowler 1984） | $^{13}{\rm C}$ 富集、14.3% 质量分数、$\rho=10^3$ g cm⁻³ | — | Fowler 1984 | §15.4 |	R2 核素/希腊字母/单位
209	| ¹³N(p,γ)¹⁴O $\Gamma_\gamma$ | $3.1\pm 0.4$ eV | ~13% | Champagne & Wiescher 1992 | §99.4 |	| $^{13}{\rm N}$(p,$\gamma$)$^{14}{\rm O}$ $\Gamma_\gamma$ | $3.1\pm 0.4$ eV | ~13% | Champagne & Wiescher 1992 | §99.4 |	R2 核素/希腊字母/单位
210	| ¹³N 半衰期 | $9.97$ min | — | Champagne & Wiescher 1992 | §99.7 |	| $^{13}{\rm N}$ 半衰期 | $9.97$ min | — | Champagne & Wiescher 1992 | §99.7 |	R2 核素/希腊字母/单位
211	| ¹⁵O(α,γ)¹⁹Ne 不确定度 | 因子 2（$T_9\lesssim 0.5$） | — | Champagne & Wiescher 1992 | §99.4 |	| $^{15}{\rm O}$($\alpha$,$\gamma$)$^{19}{\rm Ne}$ 不确定度 | 因子 2（$T_9\lesssim 0.5$） | — | Champagne & Wiescher 1992 | §99.4 |	R2 核素/希腊字母/单位
212	| ¹⁴O(α,p)¹⁷F 高温率不确定度 | 因子 2（高温） | >100（低温） | Champagne & Wiescher 1992 | §99.4 |	| $^{14}{\rm O}$($\alpha$,p)$^{17}{\rm F}$ 高温率不确定度 | 因子 2（高温） | >100（低温） | Champagne & Wiescher 1992 | §99.4 |	R2 核素/希腊字母/单位
213	| ¹⁷F(p,γ)¹⁸Ne 改进 | 优于早期 10× | — | Champagne & Wiescher 1992 | §99.4 |	| $^{17}{\rm F}$(p,$\gamma$)$^{18}{\rm Ne}$ 改进 | 优于早期 10× | — | Champagne & Wiescher 1992 | §99.4 |	R2 核素/希腊字母/单位
214	| ¹⁹Ne(p,γ)²⁰Na 不确定度 | **数个量级**（J$^\pi$ 争议） | — | Champagne & Wiescher 1992 | §99.4 |	| $^{19}{\rm Ne}$(p,$\gamma$)$^{20}{\rm Na}$ 不确定度 | **数个量级**（J$^\pi$ 争议） | — | Champagne & Wiescher 1992 | §99.4 |	R2 核素/希腊字母/单位
215	| rp-process 端点（XRB，$T_9=1.5$） | ⁷²Kr（$T_{1/2}=17.2$ s） | — | Champagne & Wiescher 1992 | §99.4 / §99.7 |	| rp-process 端点（XRB，$T_9=1.5$） | $^{72}{\rm Kr}$（$T_{1/2}=17.2$ s） | — | Champagne & Wiescher 1992 | §99.4 / §99.7 |	R2 核素/希腊字母/单位
216	| 情形 (i) SN 激波 | $T_9=0.3, \rho=10^3$ g/cm³, t=10 (或 100) s → 端点 ³²S (或 ⁴⁰Ca) | — | Champagne & Wiescher 1992 | §99.4 |	| 情形 (i) SN 激波 | $T_9=0.3, \rho=10^3$ g/cm³, t=10 (或 100) s → 端点 $^{32}{\rm S}$ (或 $^{40}{\rm Ca}$) | — | Champagne & Wiescher 1992 | §99.4 |	R2 核素/希腊字母/单位
217	| 情形 (ii) 极端 nova | $T_9=0.4, \rho=10^4$ g/cm³, t=1000 s → 端点 ⁵²Fe | — | Champagne & Wiescher 1992 | §99.4 |	| 情形 (ii) 极端 nova | $T_9=0.4, \rho=10^4$ g/cm³, t=1000 s → 端点 $^{52}{\rm Fe}$ | — | Champagne & Wiescher 1992 | §99.4 |	R2 核素/希腊字母/单位
218	| 情形 (iii) X 射线暴 | $T_9=1.5, \rho=10^6$ g/cm³, t=10 s → 端点 ⁷²Kr | — | Champagne & Wiescher 1992 | §99.4 |	| 情形 (iii) X 射线暴 | $T_9=1.5, \rho=10^6$ g/cm³, t=10 s → 端点 $^{72}{\rm Kr}$ | — | Champagne & Wiescher 1992 | §99.4 |	R2 核素/希腊字母/单位
219	| ¹⁹Ne 激发态布居 | 1–47%（$T_9=0.5\text{–}1.5$） | — | Champagne & Wiescher 1992 | §99.7 |	| $^{19}{\rm Ne}$ 激发态布居 | 1–47%（$T_9=0.5\text{–}1.5$） | — | Champagne & Wiescher 1992 | §99.7 |	R2 核素/希腊字母/单位
220	| ¹⁸F 电子俘获分支比 | 3.1%（$\rho>10^5$ g/cm³ 时重要） | — | Champagne & Wiescher 1992 | §99.7 |	| $^{18}{\rm F}$ 电子俘获分支比 | 3.1%（$\rho>10^5$ g/cm³ 时重要） | — | Champagne & Wiescher 1992 | §99.7 |	R2 核素/希腊字母/单位
233	| 模板星暴 log(He II λ4686/Hβ) | ~$-1.6$ | — | Kewley et al. 2001 | §15.4 |	| 模板星暴 log(He II $\lambda$4686/H$\beta$) | ~$-1.6$ | — | Kewley et al. 2001 | §15.4 |	R2 核素/希腊字母/单位
236	| SNR 对 Hβ 贡献 | 16–20% | — | Kewley et al. 2001 | §15.4 |	| SNR 对 H$\beta$ 贡献 | 16–20% | — | Kewley et al. 2001 | §15.4 |	R2 核素/希腊字母/单位
237	| SNR 对 [O III]/Hβ 贡献 | ~2% | — | Kewley et al. 2001 | §15.4 |	| SNR 对 [O III]/H$\beta$ 贡献 | ~2% | — | Kewley et al. 2001 | §15.4 |	R2 核素/希腊字母/单位
239	| 全星系 SFR | ~3.4 M☉/yr | — | Kewley et al. 2001 | §15.7 |	| 全星系 SFR | ~3.4 $M_\odot$/yr | — | Kewley et al. 2001 | §15.7 |	R2 核素/希腊字母/单位
240	| 1 kpc SFR（FIR / Hα） | ~0.07 / ~0.04 M☉/yr | — | Kewley et al. 2001 | §15.7 |	| 1 kpc SFR（FIR / H$\alpha$） | ~0.07 / ~0.04 $M_\odot$/yr | — | Kewley et al. 2001 | §15.7 |	R2 核素/希腊字母/单位
266	| 锂检验失效区间 | 0.06–0.077 M☉ | — | Dieterich et al. 2014 | §15.6 |	| 锂检验失效区间 | 0.06–0.077 $M_\odot$ | — | Dieterich et al. 2014 | §15.6 |	R2 核素/希腊字母/单位
284	### 3.2 按元素 log ε（$A_X=\log(N_X/N_H)+12$）	### 3.2 按元素 log $\epsilon$（$A_X=\log(N_X/N_H)+12$）	R2 核素/希腊字母/单位
286	| 元素 | AGSS09（log ε） | GS98 | Lodders 2003（大气） | Lodders 2003（原太阳） | A&G 1989 | 差异（AGSS09 与 A&G 1989） |	| 元素 | AGSS09（log $\epsilon$） | GS98 | Lodders 2003（大气） | Lodders 2003（原太阳） | A&G 1989 | 差异（AGSS09 与 A&G 1989） |	R2 核素/希腊字母/单位
298	| ¹²C/¹³C | 86.8 ± 3.8 | — | — | — | — | — |	| $^{12}{\rm C}$/$^{13}{\rm C}$ | 86.8 ± 3.8 | — | — | — | — | — |	R2 核素/希腊字母/单位
306	| ¹²C/¹³C（AGSS09） | $86.8\pm 3.8$ | AGSS09 |	| $^{12}{\rm C}$/$^{13}{\rm C}$（AGSS09） | $86.8\pm 3.8$ | AGSS09 |	R2 核素/希腊字母/单位
349	| Lyubimkov 假象量化（log g=3.5 + ξ=10 组合） | 假增 0.90 dex | Gies & Lambert 1992 |	| Lyubimkov 假象量化（log g=3.5 + $\xi$=10 组合） | 假增 0.90 dex | Gies & Lambert 1992 |	R2 核素/希腊字母/单位
351	| ρ Leo (HD 91316) N 富集 | +0.60 dex（NLTE）；+0.76（LTE） | Gies & Lambert 1992 |	| $\rho$ Leo (HD 91316) N 富集 | +0.60 dex（NLTE）；+0.76（LTE） | Gies & Lambert 1992 |	R2 核素/希腊字母/单位
352	| ρ Leo 预测 ΔHe / ΔC / ΔO | +0.10 / −0.10 / −0.04 | Gies & Lambert 1992 |	| $\rho$ Leo 预测 $\Delta$He / $\Delta$C / $\Delta$O | +0.10 / −0.10 / −0.04 | Gies & Lambert 1992 |	R2 核素/希腊字母/单位
353	| Lyubimkov 主张（被证伪） | d log ε(N)/dt = 0.15 dex per $10^{6}$ yr | Gies & Lambert 1992 |	| Lyubimkov 主张（被证伪） | d log $\epsilon$(N)/dt = 0.15 dex per $10^{6}$ yr | Gies & Lambert 1992 |	R2 核素/希腊字母/单位
372	| ADMX 已覆盖质量区 | 1.9–3.3 μeV | — | Bertone & Hooper 2018 | §99.7 |	| ADMX 已覆盖质量区 | 1.9–3.3 $\mu$eV | — | Bertone & Hooper 2018 | §99.7 |	R2 核素/希腊字母/单位
391	| $\sigma(A)\cdot N(A)=\text{const}$ | s 过程稳态流 | B²FH 1957 |	| $\sigma(A)\cdot N(A)=\text{const}$ | s 过程稳态流 | B$^2$FH 1957 |	R2 核素/希腊字母/单位
394	| $Y_p\approx 2(n_n/n_p)/(1+n_n/n_p)\approx 0.25$ | BBN ⁴He | Trimble 1975 |	| $Y_p\approx 2(n_n/n_p)/(1+n_n/n_p)\approx 0.25$ | BBN $^{4}{\rm He}$ | Trimble 1975 |	R2 核素/希腊字母/单位
395	| $E_0 = 0.122(Z_0Z_1A)^{1/3}T_9^{2/3}$ MeV | Gamow 峰 | Fowler 1984 / B²FH 1957 |	| $E_0 = 0.122(Z_0Z_1A)^{1/3}T_9^{2/3}$ MeV | Gamow 峰 | Fowler 1984 / B$^2$FH 1957 |	R2 核素/希腊字母/单位
397	| $S_{cap}(0.3\text{ MeV}) = 120\pm 40$ keV·b | ¹²C(α,γ)¹⁶O | Wallerstein 1997 |	| $S_{cap}(0.3\text{ MeV}) = 120\pm 40$ keV·b | $^{12}{\rm C}$($\alpha$,$\gamma$)$^{16}{\rm O}$ | Wallerstein 1997 |	R2 核素/希腊字母/单位
398	| ¹³N(p,γ)¹⁴O $\Gamma_\gamma = 3.1\pm 0.4$ eV | 唯一精确测定的 HCNO 反应 | Champagne & Wiescher 1992 |	| $^{13}{\rm N}$(p,$\gamma$)$^{14}{\rm O}$ $\Gamma_\gamma = 3.1\pm 0.4$ eV | 唯一精确测定的 HCNO 反应 | Champagne & Wiescher 1992 |	R2 核素/希腊字母/单位
407	*来源文件（23 篇 99_final_summary.md）：Strong-Moskalenko-Ptuskin 2007（§1.1）；Bhattacharjee & Sigl 1999（§1.3）；Al-Dargazelli 1996（§1.3）；Gaisser 1990（§1.2）；Blasi 2013（§1.4）；Amato 2014（§1.4）；Grenier-Black-Strong 2015（§1.4）；Biermann 1996（§1.4）；B²FH 1957（§2.1）；Trimble 1975（§2.1）；Fowler 1984（§2.1）；Wallerstein 1997（§2.1）；Cameron 1968（§2.1）；Champagne & Wiescher 1992（§2.2）；Kewley 2001（§2.3）；Dieterich 2014（§2.4）；Anders & Grevesse 1989（§3）；Grevesse & Sauval 1998（§3）；Lodders 2003（§3）；AGSS09（§3）；Gies & Lambert 1992（§3.4）；Kraft 1994（§3.5）；Bertone & Hooper 2018（§4）。*	*来源文件（23 篇 99_final_summary.md）：Strong-Moskalenko-Ptuskin 2007（§1.1）；Bhattacharjee & Sigl 1999（§1.3）；Al-Dargazelli 1996（§1.3）；Gaisser 1990（§1.2）；Blasi 2013（§1.4）；Amato 2014（§1.4）；Grenier-Black-Strong 2015（§1.4）；Biermann 1996（§1.4）；B$^2$FH 1957（§2.1）；Trimble 1975（§2.1）；Fowler 1984（§2.1）；Wallerstein 1997（§2.1）；Cameron 1968（§2.1）；Champagne & Wiescher 1992（§2.2）；Kewley 2001（§2.3）；Dieterich 2014（§2.4）；Anders & Grevesse 1989（§3）；Grevesse & Sauval 1998（§3）；Lodders 2003（§3）；AGSS09（§3）；Gies & Lambert 1992（§3.4）；Kraft 1994（§3.5）；Bertone & Hooper 2018（§4）。*	R2 核素/希腊字母/单位
107	**K-俘获同位素检验**：³⁷Ar、⁴⁴Ti、⁴⁹V、⁵¹Cr 等通过电子俘获快速衰变，丰度对能量变化敏感。⁵¹V/⁵²Cr 与再加速模型更符合，但 ⁴⁹Ti/Ti 结果相反——**直接证据尚不明确**，主要困难在核碎裂截面精度。	**K-俘获同位素检验**：$^{37}{\rm Ar}$、$^{44}{\rm Ti}$、$^{49}{\rm V}$、$^{51}{\rm Cr}$ 等通过电子俘获快速衰变，丰度对能量变化敏感。$^{51}{\rm V}$/$^{52}{\rm Cr}$ 与再加速模型更符合，但 $^{49}{\rm Ti}$/Ti 结果相反——**直接证据尚不明确**，主要困难在核碎裂截面精度。	R2 核素/希腊字母/单位
137	**Li、Be、B 丰度**：这些元素在恒星内部被破坏（低聚变阈值），主要由 CR 散裂产生。⁷Li/⁶Li 在星际介质中测得约 **2**（太阳系为 12.3），直接显示**最近散裂产生 Li** 的证据。	**Li、Be、B 丰度**：这些元素在恒星内部被破坏（低聚变阈值），主要由 CR 散裂产生。$^{7}{\rm Li}$/$^{6}{\rm Li}$ 在星际介质中测得约 **2**（太阳系为 12.3），直接显示**最近散裂产生 Li** 的证据。	R2 核素/希腊字母/单位
143	- 从最重初级核（如 ⁶⁴Ni）开始，逐步向下计算碎裂源项，直至质子、次级电子/正电子和反质子；¹⁰B 通过 ¹⁰Be 衰变产生，需第二次迭代；	- 从最重初级核（如 $^{64}{\rm Ni}$）开始，逐步向下计算碎裂源项，直至质子、次级电子/正电子和反质子；$^{10}{\rm B}$ 通过 $^{10}{\rm Be}$ 衰变产生，需第二次迭代；	R2 核素/希腊字母/单位
248	\xi_{\rm CR}(z) \approx P_c(z)/(ρ_0 u_0^2) \approx 1 - u(z)/u_0	\xi_{\rm CR}(z) \approx P_c(z)/($\rho$_0 u_0^2) \approx 1 - u(z)/u_0	R2 核素/希腊字母/单位
336	| ¹⁴C | 5730 y | |	| $^{14}{\rm C}$ | 5730 y | |	R2 核素/希腊字母/单位
337	| ¹⁰Be | $1.51 \times 10^6$ y | 寿命最长、测量最好 |	| $^{10}{\rm Be}$ | $1.51 \times 10^6$ y | 寿命最长、测量最好 |	R2 核素/希腊字母/单位
338	| ²⁶Al | $7.2 \times 10^5$ y | |	| $^{26}{\rm Al}$ | $7.2 \times 10^5$ y | |	R2 核素/希腊字母/单位
339	| ³⁶Cl | $3 \times 10^5$ y | |	| $^{36}{\rm Cl}$ | $3 \times 10^5$ y | |	R2 核素/希腊字母/单位
340	| ⁵⁴Mn | $312 \times 10^3$ y | |	| $^{54}{\rm Mn}$ | $312 \times 10^3$ y | |	R2 核素/希腊字母/单位
345	- ¹⁰Be/⁹Be 数据 → 局部扩散系数 $D_{xx} \approx (3-5) \times 10^{28}$ cm²/s（在 3 GV）；	- $^{10}{\rm Be}$/$^{9}{\rm Be}$ 数据 → 局部扩散系数 $D_{xx} \approx (3-5) \times 10^{28}$ cm²/s（在 3 GV）；	R2 核素/希腊字母/单位
402	**Grenier (2015) 的更新**：Fermi-LAT 数据显示 $q_{\gamma,H}$（每 H 核的 $\gamma$ 射线 emissivity）在银河系内**相当均匀**（变化 <30%），外臂仅降 20–40%。这确认**长存 CR 梯度问题**——外银 $q_{\gamma,H}$ 梯度与 ¹⁰Be/⁹Be 允许的最大晕大小 $\sim 10$ kpc 之间勉强一致。	**Grenier (2015) 的更新**：Fermi-LAT 数据显示 $q_{\gamma,H}$（每 H 核的 $\gamma$ 射线 emissivity）在银河系内**相当均匀**（变化 <30%），外臂仅降 20–40%。这确认**长存 CR 梯度问题**——外银 $q_{\gamma,H}$ 梯度与 $^{10}{\rm Be}$/$^{9}{\rm Be}$ 允许的最大晕大小 $\sim 10$ kpc 之间勉强一致。	R2 核素/希腊字母/单位
425	- ⁵⁹Ni（半衰期 $7.6 \times 10^4$ y）：存在；	- $^{59}{\rm Ni}$（半衰期 $7.6 \times 10^4$ y）：存在；	R2 核素/希腊字母/单位
426	- ⁵⁷Co（0.74 y）：存在；	- $^{57}{\rm Co}$（0.74 y）：存在；	R2 核素/希腊字母/单位
427	- ⁵⁶Ni（6 d）：缺失（符合预期，加速前就衰变）。	- $^{56}{\rm Ni}$（6 d）：缺失（符合预期，加速前就衰变）。	R2 核素/希腊字母/单位
429	ACE 数据表明：**合成与加速之间的延迟 $\ge 10^5$ 年**，与"超新星加速自身喷射物"的模型不一致，但支持"加速已有星际物质"（DFA 模型）。Grenier (2015) 在星暴环境中也引用此结论：⁵⁹Ni 缺失 → SN 合成到重核加速之间 $\ge 0.1$ Myr。	ACE 数据表明：**合成与加速之间的延迟 $\ge 10^5$ 年**，与"超新星加速自身喷射物"的模型不一致，但支持"加速已有星际物质"（DFA 模型）。Grenier (2015) 在星暴环境中也引用此结论：$^{59}{\rm Ni}$ 缺失 → SN 合成到重核加速之间 $\ge 0.1$ Myr。	R2 核素/希腊字母/单位
431	**再加速检验**：⁵¹V/⁵²Cr 与再加速模型更符合，但 ⁴⁹Ti/Ti 相反；V/Cr 比在轻微上更符合含再加速的模型——**结果不明确**，主要困难在核碎裂截面精度。	**再加速检验**：$^{51}{\rm V}$/$^{52}{\rm Cr}$ 与再加速模型更符合，但 $^{49}{\rm Ti}$/Ti 相反；V/Cr 比在轻微上更符合含再加速的模型——**结果不明确**，主要困难在核碎裂截面精度。	R2 核素/希腊字母/单位
550	- ⁶Li、⁹Be、¹⁰B：主要由 ISM CR 散裂产生；	- $^{6}{\rm Li}$、$^{9}{\rm Be}$、$^{10}{\rm B}$：主要由 ISM CR 散裂产生；	R2 核素/希腊字母/单位
551	- ⁷Li：散裂 + ($\nu$,'He') 超新星 + Big Bang + AGB + novae；	- $^{7}{\rm Li}$：散裂 + ($\nu$,'He') 超新星 + Big Bang + AGB + novae；	R2 核素/希腊字母/单位
552	- ¹¹B：散裂 + ($\nu$,C) 超新星 + AGB + novae。	- $^{11}{\rm B}$：散裂 + ($\nu$,C) 超新星 + AGB + novae。	R2 核素/希腊字母/单位
625	| 晕高度 $z_h$ | 4–6 kpc（¹⁰Be/⁹Be 约束） | Strong 2007 |	| 晕高度 $z_h$ | 4–6 kpc（$^{10}{\rm Be}$/$^{9}{\rm Be}$ 约束） | Strong 2007 |	R2 核素/希腊字母/单位
668	| 加速延迟（⁵⁹Ni） | $\ge 10^5$ yr | Strong 2007; Grenier 2015 |	| 加速延迟（$^{59}{\rm Ni}$） | $\ge 10^5$ yr | Strong 2007; Grenier 2015 |	R2 核素/希腊字母/单位
17	> 1. Burbidge, Burbidge, Fowler, Hoyle (1957) — *Rev. Mod. Phys.* **29**, 547 (B²FH)	> 1. Burbidge, Burbidge, Fowler, Hoyle (1957) — *Rev. Mod. Phys.* **29**, 547 (B$^2$FH)	R2 核素/希腊字母/单位
20	> 4. Wallerstein *et al.* (1997) — *Rev. Mod. Phys.* **69**, 995（B²FH 40 周年）	> 4. Wallerstein *et al.* (1997) — *Rev. Mod. Phys.* **69**, 995（B$^2$FH 40 周年）	R2 核素/希腊字母/单位
28	## 2.1 B²FH 框架	## 2.1 B$^2$FH 框架	R2 核素/希腊字母/单位
36	观测依据是 Suess & Urey (1956) 的元素丰度曲线：铁峰、α 粒子核的过剩、中子/质子幻数处的双峰结构、质子富集核的稀缺，均无法用任何单一的"原始合成"机制（Gamow/Alpher/Herman、Mayer/Teller 等）统一解释。	观测依据是 Suess & Urey (1956) 的元素丰度曲线：铁峰、$\alpha$ 粒子核的过剩、中子/质子幻数处的双峰结构、质子富集核的稀缺，均无法用任何单一的"原始合成"机制（Gamow/Alpher/Herman、Mayer/Teller 等）统一解释。	R2 核素/希腊字母/单位
40	B²FH 根据丰度曲线的异常特征反推出八大过程，该框架至今仍在使用：	B$^2$FH 根据丰度曲线的异常特征反推出八大过程，该框架至今仍在使用：	R2 核素/希腊字母/单位
44	| (i) | **H 燃烧** | pp 链、CN/CNO 循环 | ⁴He、C/N/O/F/Ne/Na 部分同位素 | $10^{7}$–$10^{10}$ yr | 主序星内部 |	| (i) | **H 燃烧** | pp 链、CN/CNO 循环 | $^{4}{\rm He}$、C/N/O/F/Ne/Na 部分同位素 | $10^{7}$–$10^{10}$ yr | 主序星内部 |	R2 核素/希腊字母/单位
45	| (ii) | **He 燃烧** | 3α 与 α 逐次俘获 | ¹²C、¹⁶O、²⁰Ne、²⁴Mg | $10^{7}$–$10^{8}$ yr | 红巨星核心（T ~ $10^{8}$ K, ρ ~ $10^{5}$ g cm⁻³） |	| (ii) | **He 燃烧** | 3$\alpha$ 与 $\alpha$ 逐次俘获 | $^{12}{\rm C}$、$^{16}{\rm O}$、$^{20}{\rm Ne}$、$^{24}{\rm Mg}$ | $10^{7}$–$10^{8}$ yr | 红巨星核心（T ~ $10^{8}$ K, $\rho$ ~ $10^{5}$ g cm⁻³） |	R2 核素/希腊字母/单位
46	| (iii) | **α 过程** | ²⁰Ne 起逐次 α 俘获 | ²⁴Mg、²⁸Si、³²S、³⁶Ar、⁴⁰Ca、⁴⁴Ca、⁴⁸Ti | $10^{6}$–$10^{7}$ yr | 演化后期收缩相 |	| (iii) | **$\alpha$ 过程** | $^{20}{\rm Ne}$ 起逐次 $\alpha$ 俘获 | $^{24}{\rm Mg}$、$^{28}{\rm Si}$、$^{32}{\rm S}$、$^{36}{\rm Ar}$、$^{40}{\rm Ca}$、$^{44}{\rm Ca}$、$^{48}{\rm Ti}$ | $10^{6}$–$10^{7}$ yr | 演化后期收缩相 |	R2 核素/希腊字母/单位
47	| (iv) | **ε 过程**（平衡） | 极高 T、ρ 下核统计平衡 (NSE) | 铁族（V, Cr, Mn, Fe, Co, Ni，A ≈ 50–62） | 秒或分钟 | 超新星爆发前 |	| (iv) | **$\epsilon$ 过程**（平衡） | 极高 T、$\rho$ 下核统计平衡 (NSE) | 铁族（V, Cr, Mn, Fe, Co, Ni，A ≈ 50–62） | 秒或分钟 | 超新星爆发前 |	R2 核素/希腊字母/单位
48	| (v) | **s 过程**（慢中子俘获） | (n,γ)，β 衰变慢于中子俘获 | 23 ≲ A ≲ 46（大部分）；63 ≲ A ≲ 209（相当比例） | $10^{3}$–$10^{8}$ yr | AGB 星 He 壳层 |	| (v) | **s 过程**（慢中子俘获） | (n,$\gamma$)，$\beta$ 衰变慢于中子俘获 | 23 ≲ A ≲ 46（大部分）；63 ≲ A ≲ 209（相当比例） | $10^{3}$–$10^{8}$ yr | AGB 星 He 壳层 |	R2 核素/希腊字母/单位
49	| (vi) | **r 过程**（快中子俘获） | (n,γ) 极快，β 衰变时标 0.01–1 s | 70 ≲ A ≲ 209；U、Th；可能含 ⁴⁴Ca | 10–100 s | 中子星并合 / 中微子驱动风 |	| (vi) | **r 过程**（快中子俘获） | (n,$\gamma$) 极快，$\beta$ 衰变时标 0.01–1 s | 70 ≲ A ≲ 209；U、Th；可能含 $^{44}{\rm Ca}$ | 10–100 s | 中子星并合 / 中微子驱动风 |	R2 核素/希腊字母/单位
50	| (vii) | **p 过程** | (p,γ) 或 (γ,n) 光致蜕变 | 质子富集核（低丰度） | 分钟级 | 超新星外抛壳 |	| (vii) | **p 过程** | (p,$\gamma$) 或 ($\gamma$,n) 光致蜕变 | 质子富集核（低丰度） | 分钟级 | 超新星外抛壳 |	R2 核素/希腊字母/单位
53	40 年后 Wallerstein *et al.* (1997) 补充了第 9 类：**ν 过程**（中微子蒸发核子，产生 ¹⁹F 等）。	40 年后 Wallerstein *et al.* (1997) 补充了第 9 类：**$\nu$ 过程**（中微子蒸发核子，产生 $^{19}{\rm F}$ 等）。	R2 核素/希腊字母/单位
59	- **α 粒子核**（⁴He, ¹²C, ¹⁶O, ²⁰Ne, ²⁴Mg, ²⁸Si, ³²S, ³⁶Ar, ⁴⁰Ca）的丰度普遍高于相邻核素	- **$\alpha$ 粒子核**（$^{4}{\rm He}$, $^{12}{\rm C}$, $^{16}{\rm O}$, $^{20}{\rm Ne}$, $^{24}{\rm Mg}$, $^{28}{\rm Si}$, $^{32}{\rm S}$, $^{36}{\rm Ar}$, $^{40}{\rm Ca}$）的丰度普遍高于相邻核素	R2 核素/希腊字母/单位
68	**差异原因**：s 过程在质子幻数 Z = 50, 82 处堆积（(n,γ) 截面骤降，链堵塞）；r 过程在中子幻数 N = 50, 82, 126 处堆积（中子分离能 Qₙ 骤降，等待点）。	**差异原因**：s 过程在质子幻数 Z = 50, 82 处堆积（(n,$\gamma$) 截面骤降，链堵塞）；r 过程在中子幻数 N = 50, 82, 126 处堆积（中子分离能 Qₙ 骤降，等待点）。	R2 核素/希腊字母/单位
71	- **U²³⁵/U²³⁸ 定年**：B²FH 用双衰变定年推出银河系年龄 ~$10^{10}$ yr（今日精确宇宙年龄 $13.8\times10^{9}$ yr 相当接近）。	- **U²³⁵/U²³⁸ 定年**：B$^2$FH 用双衰变定年推出银河系年龄 ~$10^{10}$ yr（今日精确宇宙年龄 $13.8\times10^{9}$ yr 相当接近）。	R2 核素/希腊字母/单位
77	氢燃烧是主序星的主要能量来源，将 4 个 H 核聚合成 ¹ 个 ⁴He（释放 26.73 MeV，其中约 6% 以中微子形式带走）。两种基本机制为 **pp 链**（太阳型）和 **CNO 循环**（更大质量星）。	氢燃烧是主序星的主要能量来源，将 4 个 H 核聚合成 ¹ 个 $^{4}{\rm He}$（释放 26.73 MeV，其中约 6% 以中微子形式带走）。两种基本机制为 **pp 链**（太阳型）和 **CNO 循环**（更大质量星）。	R2 核素/希腊字母/单位
101	B²FH 给出的 CN 循环产能率：	B$^2$FH 给出的 CN 循环产能率：	R2 核素/希腊字母/单位
103	氢核寿命（受 CN 循环限制步¹⁴N(p,γ)¹⁵O 控制）：	氢核寿命（受 CN 循环限制步$^{14}{\rm N}$(p,$\gamma$)$^{15}{\rm O}$ 控制）：	R2 核素/希腊字母/单位
106	在太阳中心温度 (~$1.5\times10^{7}$ K) 下，pp 链主导；质量更大、温度更高的主序星（M ≳ 1.3 M☉）CNO 循环主导。	在太阳中心温度 (~$1.5\times10^{7}$ K) 下，pp 链主导；质量更大、温度更高的主序星（M ≳ 1.3 $M_\odot$）CNO 循环主导。	R2 核素/希腊字母/单位
108	**太阳中微子问题**（历史重要）：Davis 在 Homestake 金矿使用 380,000 L 四氯乙烯探测 pp III 分支的 ⁸B 衰变中微子，观测值仅预期值的 ~1/4。30 年后由 MSW 效应 + 中微子振荡解释，SNO (2001) 最终确认。	**太阳中微子问题**（历史重要）：Davis 在 Homestake 金矿使用 380,000 L 四氯乙烯探测 pp III 分支的 $^{8}{\rm B}$ 衰变中微子，观测值仅预期值的 ~1/4。30 年后由 MSW 效应 + 中微子振荡解释，SNO (2001) 最终确认。	R2 核素/希腊字母/单位
115	- **限制步**：¹⁴N(p,γ)¹⁵O（能量释放最大的步骤，S 因子最小）	- **限制步**：$^{14}{\rm N}$(p,$\gamma$)$^{15}{\rm O}$（能量释放最大的步骤，S 因子最小）	R2 核素/希腊字母/单位
117	- ¹⁴N 循环时间 $\tau_{\gamma}({}^{14}{\rm N}) = 0.55\cdot (X_{\rm CN}/X_{\rm CN})\cdot 10^{10}\ {\rm yr}$	- $^{14}{\rm N}$ 循环时间 $\tau_{\gamma}({}^{14}{\rm N}) = 0.55\cdot (X_{\rm CN}/X_{\rm CN})\cdot 10^{10}\ {\rm yr}$	R2 核素/希腊字母/单位
118	- ¹⁴N 因限制步而堆积——解释了观测到的 C/N 比的恒定性	- $^{14}{\rm N}$ 因限制步而堆积——解释了观测到的 C/N 比的恒定性	R2 核素/希腊字母/单位
120	**CNO II / III 及 Ne-Na、Mg-Al 循环**：在 CNO 基础上由 ²⁰Ne(p,γ)²¹Na(β⁺)²¹Ne(p,γ)²²Na(β⁺)²²Ne，²²Ne(p,γ)²³Na(p,γ)²⁴Mg，²⁶Al(β⁺)²⁶Mg 等扩展。产物包括 F¹⁹、Na²³、Mg²⁵、Mg²⁶、Al²⁷、Si²⁹、Si³⁰ 等。	**CNO II / III 及 Ne-Na、Mg-Al 循环**：在 CNO 基础上由 $^{20}{\rm Ne}$(p,$\gamma$)$^{21}{\rm Na}$($\beta^{"+" if m.group(1)=="⁺" else "-"}$)$^{21}{\rm Ne}$(p,$\gamma$)$^{22}{\rm Na}$($\beta^{"+" if m.group(1)=="⁺" else "-"}$)$^{22}{\rm Ne}$，$^{22}{\rm Ne}$(p,$\gamma$)$^{23}{\rm Na}$(p,$\gamma$)$^{24}{\rm Mg}$，$^{26}{\rm Al}$($\beta^{"+" if m.group(1)=="⁺" else "-"}$)$^{26}{\rm Mg}$ 等扩展。产物包括 F¹⁹、Na²³、Mg²⁵、Mg²⁶、Al²⁷、Si²⁹、Si³⁰ 等。	R2 核素/希腊字母/单位
126	**触发机制**：¹³N(p,γ)¹⁴O 绕过 ¹³N 的 β 衰变（$t_{1/2}$ = 9.97 min）。¹³N(p,γ)¹⁴O 是唯一精确测定的 Hot CNO 反应：	**触发机制**：$^{13}{\rm N}$(p,$\gamma$)$^{14}{\rm O}$ 绕过 $^{13}{\rm N}$ 的 $\beta$ 衰变（$t_{1/2}$ = 9.97 min）。$^{13}{\rm N}$(p,$\gamma$)$^{14}{\rm O}$ 是唯一精确测定的 Hot CNO 反应：	R2 核素/希腊字母/单位
131	循环通过 ¹⁴O 和 ¹⁵O 的 β 等待点进行。	循环通过 $^{14}{\rm O}$ 和 $^{15}{\rm O}$ 的 $\beta$ 等待点进行。	R2 核素/希腊字母/单位
134	- ¹⁴O(α,p)¹⁷F（类比 ¹⁸Ne(α,p)²¹Na）	- $^{14}{\rm O}$($\alpha$,p)$^{17}{\rm F}$（类比 $^{18}{\rm Ne}$($\alpha$,p)$^{21}{\rm Na}$）	R2 核素/希腊字母/单位
135	- ¹⁵O(α,γ)¹⁹Ne	- $^{15}{\rm O}$($\alpha$,$\gamma$)$^{19}{\rm Ne}$	R2 核素/希腊字母/单位
138	NeNa、MgAl、SiP、SCl、ArK、CaSc 循环由 (p,α)/(p,γ) 分支比 $b$ 决定：	NeNa、MgAl、SiP、SCl、ArK、CaSc 循环由 (p,$\alpha$)/(p,$\gamma$) 分支比 $b$ 决定：	R2 核素/希腊字母/单位
140	- MgAl 循环仅 0.1–1% 再循环（b ≪ 1）→ 大量¹⁸F(e⁻)¹⁸O(α,p)¹⁷F 等产物进入大气	- MgAl 循环仅 0.1–1% 再循环（b ≪ 1）→ 大量$^{18}{\rm F}$(e⁻)$^{18}{\rm O}$($\alpha$,p)$^{17}{\rm F}$ 等产物进入大气	R2 核素/希腊字母/单位
146	氦燃烧将 ⁴He 转化为 ¹²C 和 ¹⁶O，是**跨越质量缺口 5 与 8**的关键步骤（A = 5 无稳定核；⁸Be 半衰期 $8.2\times10^{-17}$ s）。	氦燃烧将 $^{4}{\rm He}$ 转化为 $^{12}{\rm C}$ 和 $^{16}{\rm O}$，是**跨越质量缺口 5 与 8**的关键步骤（A = 5 无稳定核；$^{8}{\rm Be}$ 半衰期 $8.2\times10^{-17}$ s）。	R2 核素/希腊字母/单位
148	### 2.3.1 3α 反应与 Hoyle 共振态	### 2.3.1 3$\alpha$ 反应与 Hoyle 共振态	R2 核素/希腊字母/单位
150	第一步两 α 形成极不稳定的 ⁸Be：	第一步两 $\alpha$ 形成极不稳定的 $^{8}{\rm Be}$：	R2 核素/希腊字母/单位
152	（⁸Be 基态仅比双 α 高 92 keV，共振宽 Γ ≈ 5.6 eV）	（$^{8}{\rm Be}$ 基态仅比双 $\alpha$ 高 92 keV，共振宽 $\Gamma$ ≈ 5.6 eV）	R2 核素/希腊字母/单位
162	| 相对双 α + ³α 阈值 | **高出 287.5 keV** |	| 相对双 $\alpha$ + ³$\alpha$ 阈值 | **高出 287.5 keV** |	R2 核素/希腊字母/单位
164	| α 宽度 Γα | ~85 eV（Kellogg Lab 测量） |	| $\alpha$ 宽度 $\Gamma$$\alpha$ | ~85 eV（Kellogg Lab 测量） |	R2 核素/希腊字母/单位
165	| γ 宽度 Γγ | ~4 meV（极小，决定 3α 反应速率） |	| $\gamma$ 宽度 $\Gamma$$\gamma$ | ~4 meV（极小，决定 3$\alpha$ 反应速率） |	R2 核素/希腊字母/单位
167	**物理意义**：若此态不存在，3α 反应速率将比实际低数个数量级，宇宙中将没有碳——经典的"精细调节"例证。Fowler (1984) 强调 "Mass gaps 5 and 8" 是 3α 反应的根本动机。	**物理意义**：若此态不存在，3$\alpha$ 反应速率将比实际低数个数量级，宇宙中将没有碳——经典的"精细调节"例证。Fowler (1984) 强调 "Mass gaps 5 and 8" 是 3$\alpha$ 反应的根本动机。	R2 核素/希腊字母/单位
169	3α 反应速率：	3$\alpha$ 反应速率：	R2 核素/希腊字母/单位
172	### 2.3.2 ¹²C(α,γ)¹⁶O 反应	### 2.3.2 $^{12}{\rm C}$($\alpha$,$\gamma$)$^{16}{\rm O}$ 反应	R2 核素/希腊字母/单位
174	后续 α 俘获：	后续 $\alpha$ 俘获：	R2 核素/希腊字母/单位
177	**12C(α,γ)16O 反应率**是**核天体物理中最大的单一不确定度**：	**12C($\alpha$,$\gamma$)16O 反应率**是**核天体物理中最大的单一不确定度**：	R2 核素/希腊字母/单位
181	- S 因子在低能区上升，源于¹⁶O 中两个略低于阈值的束缚态贡献	- S 因子在低能区上升，源于$^{16}{\rm O}$ 中两个略低于阈值的束缚态贡献	R2 核素/希腊字母/单位
183	- **影响**：¹²C/¹⁶O 比直接决定 AGB 星核心组成、Si 燃烧产物、白矮星质量分布	- **影响**：$^{12}{\rm C}$/$^{16}{\rm O}$ 比直接决定 AGB 星核心组成、Si 燃烧产物、白矮星质量分布	R2 核素/希腊字母/单位
185	¹²C/¹⁶O 比的两极：	$^{12}{\rm C}$/$^{16}{\rm O}$ 比的两极：	R2 核素/希腊字母/单位
186	- 若 3α ≫ ¹²C(α,γ)¹⁶O → 无 ¹⁶O 产生	- 若 3$\alpha$ ≫ $^{12}{\rm C}$($\alpha$,$\gamma$)$^{16}{\rm O}$ → 无 $^{16}{\rm O}$ 产生	R2 核素/希腊字母/单位
187	- 若 ¹²C(α,γ)¹⁶O ≫ 3α → 无 ¹²C 产生	- 若 $^{12}{\rm C}$($\alpha$,$\gamma$)$^{16}{\rm O}$ ≫ 3$\alpha$ → 无 $^{12}{\rm C}$ 产生	R2 核素/希腊字母/单位
188	- ¹⁶O(α,γ)²⁰Ne 通常太慢可忽略	- $^{16}{\rm O}$($\alpha$,$\gamma$)$^{20}{\rm Ne}$ 通常太慢可忽略	R2 核素/希腊字母/单位
192	## 2.4 α 过程与高级燃烧	## 2.4 $\alpha$ 过程与高级燃烧	R2 核素/希腊字母/单位
194	### 2.4.1 α 过程（B²FH 定义）	### 2.4.1 $\alpha$ 过程（B$^2$FH 定义）	R2 核素/希腊字母/单位
196	从 ²⁰Ne 起逐次 α 俘获：	从 $^{20}{\rm Ne}$ 起逐次 $\alpha$ 俘获：	R2 核素/希腊字母/单位
199	**α 过程产物相对丰度**（B²FH Table III.4，Si²⁸=1）：	**$\alpha$ 过程产物相对丰度**（B$^2$FH Table III.4，Si²⁸=1）：	R2 核素/希腊字母/单位
211	α 过程时标 $10^{6}$–$10^{7}$ yr，发生在演化后期收缩相。	$\alpha$ 过程时标 $10^{6}$–$10^{7}$ yr，发生在演化后期收缩相。	R2 核素/希腊字母/单位
215	大质量星（M ≳ 8 M☉）依次经历 **C → Ne → O → Si** 燃烧，形成**洋葱状分层结构**。Fowler (1984) Figure 8 展示 25 M☉ Pop I 恒星超新星前的质量层：	大质量星（M ≳ 8 $M_\odot$）依次经历 **C → Ne → O → Si** 燃烧，形成**洋葱状分层结构**。Fowler (1984) Figure 8 展示 25 $M_\odot$ Pop I 恒星超新星前的质量层：	R2 核素/希腊字母/单位
217	| 层（M☉） | 燃烧阶段 |	| 层（$M_\odot$） | 燃烧阶段 |	R2 核素/希腊字母/单位
222	| 1.9–6.5 | C 燃烧产物（¹²C+¹²C 融合） |	| 1.9–6.5 | C 燃烧产物（$^{12}{\rm C}$+$^{12}{\rm C}$ 融合） |	R2 核素/希腊字母/单位
223	| 1.8–1.9 | Ne 燃烧产物（²⁰Ne(γ,α)¹⁶O） |	| 1.8–1.9 | Ne 燃烧产物（$^{20}{\rm Ne}$($\gamma$,$\alpha$)$^{16}{\rm O}$） |	R2 核素/希腊字母/单位
224	| 1.5–1.8 | O 燃烧产物（¹⁶O+¹⁶O 融合） |	| 1.5–1.8 | O 燃烧产物（$^{16}{\rm O}$+$^{16}{\rm O}$ 融合） |	R2 核素/希腊字母/单位
225	| ≲1.5 | Si 燃烧产物（⁵⁶Ni/⁵⁶Fe） |	| ≲1.5 | Si 燃烧产物（$^{56}{\rm Ni}$/$^{56}{\rm Fe}$） |	R2 核素/希腊字母/单位
227	**碳燃烧**：T ~ $6\times10^{8}$ K，¹²C+¹²C → ²⁰Ne (主要)，¹²C(¹²C,p)²³Na，¹²C(¹²C,n)²³Mg(β⁺)²³Na。¹²C 耗尽后主要剩余 ²⁰Ne 与 ¹⁶O。	**碳燃烧**：T ~ $6\times10^{8}$ K，$^{12}{\rm C}$+$^{12}{\rm C}$ → $^{20}{\rm Ne}$ (主要)，$^{12}{\rm C}$($^{12}{\rm C}$,p)$^{23}{\rm Na}$，$^{12}{\rm C}$($^{12}{\rm C}$,n)$^{23}{\rm Mg}$($\beta^{"+" if m.group(1)=="⁺" else "-"}$)$^{23}{\rm Na}$。$^{12}{\rm C}$ 耗尽后主要剩余 $^{20}{\rm Ne}$ 与 $^{16}{\rm O}$。	R2 核素/希腊字母/单位
229	**氖燃烧**：²⁰Ne 因 α 结合能仅 4.731 MeV（对比 ¹⁶O 的 7.162 MeV）易被光致分解：	**氖燃烧**：$^{20}{\rm Ne}$ 因 $\alpha$ 结合能仅 4.731 MeV（对比 $^{16}{\rm O}$ 的 7.162 MeV）易被光致分解：	R2 核素/希腊字母/单位
232	**氧燃烧**：¹⁶O+¹⁶O → ²⁸Si（主产物），副产物 ³⁰Si（通过中子诱导反应）。可产生 n/p 轻微过量，影响 Si 燃烧的中子丰度。	**氧燃烧**：$^{16}{\rm O}$+$^{16}{\rm O}$ → $^{28}{\rm Si}$（主产物），副产物 $^{30}{\rm Si}$（通过中子诱导反应）。可产生 n/p 轻微过量，影响 Si 燃烧的中子丰度。	R2 核素/希腊字母/单位
235	- $T_{9}$ ~ 3–5，ρ = $10^{7}$–$10^{9}$ g cm⁻³	- $T_{9}$ ~ 3–5，$\rho$ = $10^{7}$–$10^{9}$ g cm⁻³	R2 核素/希腊字母/单位
236	- 库仑势垒太高，无法直接融合成 ⁵⁶Ni 复合核	- 库仑势垒太高，无法直接融合成 $^{56}{\rm Ni}$ 复合核	R2 核素/希腊字母/单位
237	- 通过**光致分解 (γ,α)、(γ,n)、(γ,p)** → 再捕获逐步向 Fe 组攀爬	- 通过**光致分解 ($\gamma$,$\alpha$)、($\gamma$,n)、($\gamma$,p)** → 再捕获逐步向 Fe 组攀爬	R2 核素/希腊字母/单位
238	- **爆炸性 Si 燃烧**：⁵⁶Ni（后 β⁺ → ⁵⁶Co → ⁵⁶Fe）	- **爆炸性 Si 燃烧**：$^{56}{\rm Ni}$（后 $\beta^{"+" if m.group(1)=="⁺" else "-"}$ → $^{56}{\rm Co}$ → $^{56}{\rm Fe}$）	R2 核素/希腊字母/单位
239	- **准静态 Si 燃烧**：⁵⁶Fe（弱相互作用快，产生富中子产物）	- **准静态 Si 燃烧**：$^{56}{\rm Fe}$（弱相互作用快，产生富中子产物）	R2 核素/希腊字母/单位
242	### 2.4.3 ε 过程：核统计平衡 (NSE)	### 2.4.3 $\epsilon$ 过程：核统计平衡 (NSE)	R2 核素/希腊字母/单位
244	在极高 T 和 ρ 下（T ~ $5\times10^{9}$ K，ρ ~ $10^{7}$ g cm⁻³），核反应速率远快于系统演化速率，达到**核统计平衡（NSE）**——所有核素丰度由热力学自由能极小决定。	在极高 T 和 $\rho$ 下（T ~ $5\times10^{9}$ K，$\rho$ ~ $10^{7}$ g cm⁻³），核反应速率远快于系统演化速率，达到**核统计平衡（NSE）**——所有核素丰度由热力学自由能极小决定。	R2 核素/希腊字母/单位
249	**B²FH Saha 方程**（以 Fe⁵⁶ 为基准）：	**B$^2$FH Saha 方程**（以 Fe⁵⁶ 为基准）：	R2 核素/希腊字母/单位
265	**56Ni 间接产生路径**（修正 B²FH "Fe⁵⁶ 直接产生"的设想）：	**56Ni 间接产生路径**（修正 B$^2$FH "Fe⁵⁶ 直接产生"的设想）：	R2 核素/希腊字母/单位
268	SN 1987A 中直接探测到 ⁵⁶Co 衰变的 **847 keV 与 1238 keV γ 射线**（Hill *et al.* 1985），证实此路径。	SN 1987A 中直接探测到 $^{56}{\rm Co}$ 衰变的 **847 keV 与 1238 keV $\gamma$ 射线**（Hill *et al.* 1985），证实此路径。	R2 核素/希腊字母/单位
281	s 过程（slow neutron capture）：中子俘获速率慢于不稳定中间核的 β 衰变速率。因此中子链**沿 β 稳定线**推进。	s 过程（slow neutron capture）：中子俘获速率慢于不稳定中间核的 $\beta$ 衰变速率。因此中子链**沿 $\beta$ 稳定线**推进。	R2 核素/希腊字母/单位
284	- β 衰变：秒–$10^{8}$ yr	- $\beta$ 衰变：秒–$10^{8}$ yr	R2 核素/希腊字母/单位
288	### 2.5.2 稳态流近似 σN = const	### 2.5.2 稳态流近似 $\sigma$N = const	R2 核素/希腊字母/单位
290	B²FH 提出的**稳态流判据**：	B$^2$FH 提出的**稳态流判据**：	R2 核素/希腊字母/单位
296	在 σ × N 图（**sN 曲线**）上，s 过程核素形成**平滑曲线**——是 s 过程分析中最核心的判据。	在 $\sigma$ × N 图（**sN 曲线**）上，s 过程核素形成**平滑曲线**——是 s 过程分析中最核心的判据。	R2 核素/希腊字母/单位
302	- $f$ = ⁵⁶Fe 作为 s 过程种子的丰度比例（**f = 0.04%**）	- $f$ = $^{56}{\rm Fe}$ 作为 s 过程种子的丰度比例（**f = 0.04%**）	R2 核素/希腊字母/单位
321	**B²FH 原始中子源**：	**B$^2$FH 原始中子源**：	R2 核素/希腊字母/单位
322	- ¹²C(α,n)¹⁶O（Cameron 1955）	- $^{12}{\rm C}$($\alpha$,n)$^{16}{\rm O}$（Cameron 1955）	R2 核素/希腊字母/单位
323	- ²⁰Ne(α,n)²⁴Mg	- $^{20}{\rm Ne}$($\alpha$,n)$^{24}{\rm Mg}$	R2 核素/希腊字母/单位
329	| ¹³C(α,n)¹⁶O | $T_{8}$ ~ 1（低温，~$10^{8}$ K） | **第一脉冲**，主导主要分量 | AGB 星 ¹³C 口袋 |	| $^{13}{\rm C}$($\alpha$,n)$^{16}{\rm O}$ | $T_{8}$ ~ 1（低温，~$10^{8}$ K） | **第一脉冲**，主导主要分量 | AGB 星 $^{13}{\rm C}$ 口袋 |	R2 核素/希腊字母/单位
330	| ²²Ne(α,n)²⁵Mg | $T_{8}$ ~ 3（高温，~$3\times10^{8}$ K） | **第二脉冲**，主要分量次要；弱分量主源 | AGB 星 He 闪 / 大质量星核心 He 燃烧 |	| $^{22}{\rm Ne}$($\alpha$,n)$^{25}{\rm Mg}$ | $T_{8}$ ~ 3（高温，~$3\times10^{8}$ K） | **第二脉冲**，主要分量次要；弱分量主源 | AGB 星 He 闪 / 大质量星核心 He 燃烧 |	R2 核素/希腊字母/单位
332	**¹³C 口袋的形成**（三种机制）：	**$^{13}{\rm C}$ 口袋的形成**（三种机制）：	R2 核素/希腊字母/单位
344	B²FH 提出的两种 s 过程条件：	B$^2$FH 提出的两种 s 过程条件：	R2 核素/希腊字母/单位
348	| 低（¹²C(α,n) 为主） | ~$10^{7}$ cm⁻³ | ~5 | σN 下降 |	| 低（$^{12}{\rm C}$($\alpha$,n) 为主） | ~$10^{7}$ cm⁻³ | ~5 | $\sigma$N 下降 |	R2 核素/希腊字母/单位
349	| 高（²⁰Ne(α,n) 或强混合） | ~$10^{11}$ cm⁻³ | ~100 | σN 常数 |	| 高（$^{20}{\rm Ne}$($\alpha$,n) 或强混合） | ~$10^{11}$ cm⁻³ | ~100 | $\sigma$N 常数 |	R2 核素/希腊字母/单位
352	- **nₙ = (4.1 ± 0.6)×$10^{8}$ cm⁻³**（¹⁴⁷Nd/¹⁴⁸Pm 分支，Toukan 1995）	- **nₙ = (4.1 ± 0.6)×$10^{8}$ cm⁻³**（$^{147}{\rm Nd}$/$^{148}{\rm Pm}$ 分支，Toukan 1995）	R2 核素/希腊字母/单位
353	- **$T_{8}$ ≈ 3.1 ± 0.6**（¹⁷⁶Lu 温度计，Klay 1991）	- **$T_{8}$ ≈ 3.1 ± 0.6**（$^{176}{\rm Lu}$ 温度计，Klay 1991）	R2 核素/希腊字母/单位
357	分支点在 s 过程中不稳定核的 β 衰变与中子俘获速率可比时出现。分支因子：	分支点在 s 过程中不稳定核的 $\beta$ 衰变与中子俘获速率可比时出现。分支因子：	R2 核素/希腊字母/单位
364	| ¹⁴⁸Pm | 5.37 d | ~增强 | 中子密度 |	| $^{148}{\rm Pm}$ | 5.37 d | ~增强 | 中子密度 |	R2 核素/希腊字母/单位
365	| ¹⁷⁷Lu | $6.65\times10^{4}$ yr | **s 过程温度计**（$T_{8}$ = 3.1±0.6） | 温度 |	| $^{177}{\rm Lu}$ | $6.65\times10^{4}$ yr | **s 过程温度计**（$T_{8}$ = 3.1±0.6） | 温度 |	R2 核素/希腊字母/单位
366	| ¹⁷⁶Lu | 36 Gyr（地面） | **几年**（热激发 β⁻） | 温度计 |	| $^{176}{\rm Lu}$ | 36 Gyr（地面） | **几年**（热激发 $\beta^{"+" if m.group(1)=="⁺" else "-"}$） | 温度计 |	R2 核素/希腊字母/单位
367	| ¹⁵¹Sm | 90 yr | 增强 | 温度 |	| $^{151}{\rm Sm}$ | 90 yr | 增强 | 温度 |	R2 核素/希腊字母/单位
368	| ¹³⁴Cs | $2.06\times10^{5}$ yr | $T_{8}$ ≈ 1.7–1.9 | 温度 |	| $^{134}{\rm Cs}$ | $2.06\times10^{5}$ yr | $T_{8}$ ≈ 1.7–1.9 | 温度 |	R2 核素/希腊字母/单位
369	| ¹⁶³Dy | 稳定（地面） | **恒星温度下不稳定** | ρₛ = $6.5\times10^{3}$ g cm⁻³ |	| $^{163}{\rm Dy}$ | 稳定（地面） | **恒星温度下不稳定** | $\rho$ₛ = $6.5\times10^{3}$ g cm⁻³ |	R2 核素/希腊字母/单位
370	| ¹⁷⁹Hf | 稳定（地面） | 恒星温度下不稳定 | 温度 |	| $^{179}{\rm Hf}$ | 稳定（地面） | 恒星温度下不稳定 | 温度 |	R2 核素/希腊字母/单位
372	**热布居激发态**：Takahashi & Yokoi (1987) 给出的恒星 β 衰变速率表明，s 过程温度下部分地面稳定核（¹⁶³Dy、¹⁷⁹Hf）通过激发态布居成为分支点——B²FH 未曾预见。	**热布居激发态**：Takahashi & Yokoi (1987) 给出的恒星 $\beta$ 衰变速率表明，s 过程温度下部分地面稳定核（$^{163}{\rm Dy}$、$^{179}{\rm Hf}$）通过激发态布居成为分支点——B$^2$FH 未曾预见。	R2 核素/希腊字母/单位
374	**束缚态 β 衰变**（bound-state β decay，GSI Darmstadt 储存环实验）：	**束缚态 $\beta$ 衰变**（bound-state $\beta$ decay，GSI Darmstadt 储存环实验）：	R2 核素/希腊字母/单位
375	- 剥离全部电子的地面稳定同位素可发生 β 衰变	- 剥离全部电子的地面稳定同位素可发生 $\beta$ 衰变	R2 核素/希腊字母/单位
376	- 测量了 ¹⁶³Dy（Jung *et al.* 1992）和 ¹⁸⁷Re（Bosch *et al.* 1996）	- 测量了 $^{163}{\rm Dy}$（Jung *et al.* 1992）和 $^{187}{\rm Re}$（Bosch *et al.* 1996）	R2 核素/希腊字母/单位
382	- **主要分量**：AGB 星（0.6–8 M☉），¹³C(α,n) 主导，每种子核 ~15 个中子	- **主要分量**：AGB 星（0.6–8 $M_\odot$），$^{13}{\rm C}$($\alpha$,n) 主导，每种子核 ~15 个中子	R2 核素/希腊字母/单位
383	- **弱分量**：大质量星核心 He 燃烧，²²Ne(α,n) 驱动，中子密度低，持续时间 ~$3\times10^{4}$ yr	- **弱分量**：大质量星核心 He 燃烧，$^{22}{\rm Ne}$($\alpha$,n) 驱动，中子密度低，持续时间 ~$3\times10^{4}$ yr	R2 核素/希腊字母/单位
384	- **AGB 超风**（Bowen 1988）：脉动 → 激波加热 → 尘埃形成 → 辐射压驱动，质量损失率 ~$10^{-5}$–$10^{-4}$ M☉/yr（比核燃烧处理速率大 $10^{2}$–$10^{3}$ 倍）	- **AGB 超风**（Bowen 1988）：脉动 → 激波加热 → 尘埃形成 → 辐射压驱动，质量损失率 ~$10^{-5}$–$10^{-4}$ $M_\odot$/yr（比核燃烧处理速率大 $10^{2}$–$10^{3}$ 倍）	R2 核素/希腊字母/单位
392	r 过程（rapid neutron capture）：中子俘获速率**远快于**β 衰变速率。中子链超越 β 稳定线至极高中子富集区。	r 过程（rapid neutron capture）：中子俘获速率**远快于**$\beta$ 衰变速率。中子链超越 $\beta$ 稳定线至极高中子富集区。	R2 核素/希腊字母/单位
396	- β 衰变：秒级	- $\beta$ 衰变：秒级	R2 核素/希腊字母/单位
403	在极高中子密度下，中子俘获链直到某个中子分离能 Qₙ 较小的核素——**等待点**——才暂停，β 衰变发生：	在极高中子密度下，中子俘获链直到某个中子分离能 Qₙ 较小的核素——**等待点**——才暂停，$\beta$ 衰变发生：	R2 核素/希腊字母/单位
411	**等待点丰度**由 β 衰变半衰期决定：	**等待点丰度**由 $\beta$ 衰变半衰期决定：	R2 核素/希腊字母/单位
414	**Fermi β 衰变理论**：	**Fermi $\beta$ 衰变理论**：	R2 核素/希腊字母/单位
417	因此 r 过程丰度由**β 衰变能量** $W_\beta$ 决定（而非中子截面）。	因此 r 过程丰度由**$\beta$ 衰变能量** $W_\beta$ 决定（而非中子截面）。	R2 核素/希腊字母/单位
429	B²FH 数值：$\Delta Q_n / \Delta A \approx -0.25\ {\rm MeV}$（A = 100 附近）至 $-0.10\ {\rm MeV}$（A = 200 附近）。	B$^2$FH 数值：$\Delta Q_n / \Delta A \approx -0.25\ {\rm MeV}$（A = 100 附近）至 $-0.10\ {\rm MeV}$（A = 200 附近）。	R2 核素/希腊字母/单位
436	- **自发裂变**：Fm²⁵⁸（$t_{1/2}$ ~ 370 μs）——"裂变截止"	- **自发裂变**：Fm²⁵⁸（$t_{1/2}$ ~ 370 $\mu$s）——"裂变截止"	R2 核素/希腊字母/单位
439	**r 过程循环**（B²FH）：中子链从 Fe⁵⁶ 运行到裂变 → 裂变产物重新进入 Fe 族 → 每个 Fe 核能合成约 200 个中子（对应 ~10–20 次循环）。	**r 过程循环**（B$^2$FH）：中子链从 Fe⁵⁶ 运行到裂变 → 裂变产物重新进入 Fe 族 → 每个 Fe 核能合成约 200 个中子（对应 ~10–20 次循环）。	R2 核素/希腊字母/单位
446	- 富中子等待点核素级联 β 衰变回到 β 稳定线	- 富中子等待点核素级联 $\beta$ 衰变回到 $\beta$ 稳定线	R2 核素/希腊字母/单位
457	- B²FH 推断银河系年龄 ~$1.5\times10^{10}$ yr（突然合成）或 ~$6\times10^{9}$ yr（连续合成）	- B$^2$FH 推断银河系年龄 ~$1.5\times10^{10}$ yr（突然合成）或 ~$6\times10^{9}$ yr（连续合成）	R2 核素/希腊字母/单位
471	1. **α 过程**（α-rich freezeout）：从 NSE 冻结形成种子核（Kr-Zr 区，A ~ 100）	1. **$\alpha$ 过程**（$\alpha$-rich freezeout）：从 NSE 冻结形成种子核（Kr-Zr 区，A ~ 100）	R2 核素/希腊字母/单位
472	2. **中子过剩**来自新生中子星的强烈中微子流（带电流 νₙ 俘获）	2. **中子过剩**来自新生中子星的强烈中微子流（带电流 $\nu$ₙ 俘获）	R2 核素/希腊字母/单位
480	α 过程的三体序列桥接质量缺口 5 与 8：	$\alpha$ 过程的三体序列桥接质量缺口 5 与 8：	R2 核素/希腊字母/单位
504	**代表 p 核素**：⁷⁴Se, ⁷⁸Kr, ⁸⁴Sr, ⁸⁶–⁹⁰Y, ⁹²Mo, ⁹⁶Ru, ⁹⁸Ru, ¹⁰⁰Pd, ¹⁰⁴Pd, ¹⁰⁶Pd, ¹⁰⁸Pd, ¹¹²Sn, ¹¹⁶Sn, ¹²⁰Sn, ¹²⁴Xe, ¹²⁶Ba, ¹³⁰Ba, ¹³⁸La, ¹⁴⁰Ce, ¹⁴²Ce, ¹⁴⁴Sm, ¹⁴⁸Gd, ¹⁵²Gd, ¹⁵⁴Gd, ¹⁵⁸Er, ¹⁶²Er, ¹⁶⁶Er, ¹⁷⁰Er, ¹⁷⁴Yb, ¹⁷⁸Hf, ¹⁸⁰Hf, ¹⁸⁴Os, ¹⁸⁶Os, ¹⁹⁰Pt, ¹⁹²Pt, ¹⁹⁴Pt 等。	**代表 p 核素**：$^{74}{\rm Se}$, $^{78}{\rm Kr}$, $^{84}{\rm Sr}$, ⁸⁶–$^{90}{\rm Y}$, $^{92}{\rm Mo}$, $^{96}{\rm Ru}$, $^{98}{\rm Ru}$, $^{100}{\rm Pd}$, $^{104}{\rm Pd}$, $^{106}{\rm Pd}$, $^{108}{\rm Pd}$, $^{112}{\rm Sn}$, $^{116}{\rm Sn}$, $^{120}{\rm Sn}$, $^{124}{\rm Xe}$, $^{126}{\rm Ba}$, $^{130}{\rm Ba}$, $^{138}{\rm La}$, $^{140}{\rm Ce}$, $^{142}{\rm Ce}$, $^{144}{\rm Sm}$, $^{148}{\rm Gd}$, $^{152}{\rm Gd}$, $^{154}{\rm Gd}$, $^{158}{\rm Er}$, $^{162}{\rm Er}$, $^{166}{\rm Er}$, $^{170}{\rm Er}$, $^{174}{\rm Yb}$, $^{178}{\rm Hf}$, $^{180}{\rm Hf}$, $^{184}{\rm Os}$, $^{186}{\rm Os}$, $^{190}{\rm Pt}$, $^{192}{\rm Pt}$, $^{194}{\rm Pt}$ 等。	R2 核素/希腊字母/单位
508	1. **γ 过程 (γ process)**：(γ,n) 光致蜕变——高温光子从稳定核中打出中子	1. **$\gamma$ 过程 ($\gamma$ process)**：($\gamma$,n) 光致蜕变——高温光子从稳定核中打出中子	R2 核素/希腊字母/单位
516	**γ 过程反应率**：	**$\gamma$ 过程反应率**：	R2 核素/希腊字母/单位
519	(γ,n) 反应从稳定线向质子富集方向推进（Z 不变，A 减 1）。	($\gamma$,n) 反应从稳定线向质子富集方向推进（Z 不变，A 减 1）。	R2 核素/希腊字母/单位
521	**位移量**：δZ ≈ (ΔZ/ΔA) × ΔA ≈ 3 × ΔA（稳定线斜率 ~1/3）。	**位移量**：$\delta$Z ≈ ($\Delta$Z/$\Delta$A) × $\Delta$A ≈ 3 × $\Delta$A（稳定线斜率 ~1/3）。	R2 核素/希腊字母/单位
525	**⁹²Mo 的起源**：1997 年时是 p 过程核素中最难产生的同位素。Hoffman *et al.* (1996) 的 r 过程 α 过程模型在 Yₑ = 0.48 时首次成功产生 ⁹²Mo，暗示 ⁹²Mo 可能来自 r 过程相关的 α 过程，而非纯 γ 过程。	**$^{92}{\rm Mo}$ 的起源**：1997 年时是 p 过程核素中最难产生的同位素。Hoffman *et al.* (1996) 的 r 过程 $\alpha$ 过程模型在 Yₑ = 0.48 时首次成功产生 $^{92}{\rm Mo}$，暗示 $^{92}{\rm Mo}$ 可能来自 r 过程相关的 $\alpha$ 过程，而非纯 $\gamma$ 过程。	R2 核素/希腊字母/单位
533	**B²FH 核心洞察**：Li, Be, B 相比相邻元素（H, He, C, N, O）**稀有 ~100 倍**，但相比多数重元素**丰富 ~100 倍**——暗示特殊的合成机制。	**B$^2$FH 核心洞察**：Li, Be, B 相比相邻元素（H, He, C, N, O）**稀有 ~100 倍**，但相比多数重元素**丰富 ~100 倍**——暗示特殊的合成机制。	R2 核素/希腊字母/单位
541	| D(p,γ)³He | ~$10^{6}$ K |	| D(p,$\gamma$)$^{3}{\rm He}$ | ~$10^{6}$ K |	R2 核素/希腊字母/单位
542	| ³Li(p,t)²⁴He | ~$2.5\times10^{6}$ K |	| $^{3}{\rm Li}$(p,t)$^{24}{\rm He}$ | ~$2.5\times10^{6}$ K |	R2 核素/希腊字母/单位
543	| ⁷Li(p,α)⁴He | ~$2.5\times10^{6}$ K |	| $^{7}{\rm Li}$(p,$\alpha$)$^{4}{\rm He}$ | ~$2.5\times10^{6}$ K |	R2 核素/希腊字母/单位
544	| ⁷Li(α,p)¹⁰B | ~$2\times10^{7}$ K |	| $^{7}{\rm Li}$($\alpha$,p)$^{10}{\rm B}$ | ~$2\times10^{7}$ K |	R2 核素/希腊字母/单位
545	| ⁹Be(p,d)²⁴He | ~$2.5\times10^{6}$ K |	| $^{9}{\rm Be}$(p,d)$^{24}{\rm He}$ | ~$2.5\times10^{6}$ K |	R2 核素/希腊字母/单位
546	| ¹¹B(p,α)²⁴He | ~$5\times10^{6}$ K |	| $^{11}{\rm B}$(p,$\alpha$)$^{24}{\rm He}$ | ~$5\times10^{6}$ K |	R2 核素/希腊字母/单位
554	| D (²H) | **Big Bang 核合成**（主导） |	| D ($^{2}{\rm H}$) | **Big Bang 核合成**（主导） |	R2 核素/希腊字母/单位
555	| ⁷Li | BBN（下限）+ AGB 星（³He + ⁴He → ⁷Be → ⁷Be(e⁻,νₑ)⁷Li，Cameron 1955） |	| $^{7}{\rm Li}$ | BBN（下限）+ AGB 星（$^{3}{\rm He}$ + $^{4}{\rm He}$ → $^{7}{\rm Be}$ → $^{7}{\rm Be}$(e⁻,$\nu$ₑ)$^{7}{\rm Li}$，Cameron 1955） |	R2 核素/希腊字母/单位
556	| ⁹Be, ¹⁰B, ¹¹B | **宇宙线散裂**（spallation）——银河系宇宙线轰击 C, N, O |	| $^{9}{\rm Be}$, $^{10}{\rm B}$, $^{11}{\rm B}$ | **宇宙线散裂**（spallation）——银河系宇宙线轰击 C, N, O |	R2 核素/希腊字母/单位
568	- 原初 ⁷Li 的下限估计：log N(Li) = 2.2–2.6	- 原初 $^{7}{\rm Li}$ 的下限估计：log N(Li) = 2.2–2.6	R2 核素/希腊字母/单位
570	**"锂问题"**：Spite plateau 与 BBN 预言的 ⁷Li/H ~$10^{-10}$ 存在矛盾——Wallerstein *et al.* (1997) 时仍未解决，今日仍活跃。	**"锂问题"**：Spite plateau 与 BBN 预言的 $^{7}{\rm Li}$/H ~$10^{-10}$ 存在矛盾——Wallerstein *et al.* (1997) 时仍未解决，今日仍活跃。	R2 核素/希腊字母/单位
581	**¹¹B/¹⁰B**：陨石 4.05（Anders & Grevesse 1989）；ISM 3.4(+20.6,−11.3)。	**$^{11}{\rm B}$/$^{10}{\rm B}$**：陨石 4.05（Anders & Grevesse 1989）；ISM 3.4(+20.6,−11.3)。	R2 核素/希腊字母/单位
583	### 2.8.6 ν 过程（新机制）	### 2.8.6 $\nu$ 过程（新机制）	R2 核素/希腊字母/单位
586	- Ne 燃烧壳层中丰富的 ²⁰Ne 通过 ν 过程（中微子蒸发）产生 ¹⁹F	- Ne 燃烧壳层中丰富的 $^{20}{\rm Ne}$ 通过 $\nu$ 过程（中微子蒸发）产生 $^{19}{\rm F}$	R2 核素/希腊字母/单位
587	- **ν 过程被正式提议为 B²FH 八过程之外的第 9 个过程**	- **$\nu$ 过程被正式提议为 B$^2$FH 八过程之外的第 9 个过程**	R2 核素/希腊字母/单位
595	- **核心坍缩超新星 (CC-SNe)**：M ≳ 8 M☉ 恒星演化的终点，产生大量 ⁵⁶Ni（~0.1 M☉ / 颗 SN II）	- **核心坍缩超新星 (CC-SNe)**：M ≳ 8 $M_\odot$ 恒星演化的终点，产生大量 $^{56}{\rm Ni}$（~0.1 $M_\odot$ / 颗 SN II）	R2 核素/希腊字母/单位
596	- **Ia 型超新星**：双 WD 合并（Tutukov *et al.* 1992，出生率 ~0.003 yr⁻¹ 与观测一致），产生 ~1 M☉ ⁵⁶Ni	- **Ia 型超新星**：双 WD 合并（Tutukov *et al.* 1992，出生率 ~0.003 yr⁻¹ 与观测一致），产生 ~1 $M_\odot$ $^{56}{\rm Ni}$	R2 核素/希腊字母/单位
597	- SN 1987A 直接证实：~0.1 M☉ ⁵⁶Fe 抛射/颗 SN II + ⁵⁶Co 衰变 γ 射线观测	- SN 1987A 直接证实：~0.1 $M_\odot$ $^{56}{\rm Fe}$ 抛射/颗 SN II + $^{56}{\rm Co}$ 衰变 $\gamma$ 射线观测	R2 核素/希腊字母/单位
600	1. 超新星爆炸（最剧烈，质量损失 ~M☉）	1. 超新星爆炸（最剧烈，质量损失 ~$M_\odot$）	R2 核素/希腊字母/单位
601	2. 新星（较温和，~$10^{-5}$–$10^{-4}$ M☉）	2. 新星（较温和，~$10^{-5}$–$10^{-4}$ $M_\odot$）	R2 核素/希腊字母/单位
602	3. 巨星/行星状星云（最缓慢，~$10^{-3}$ M☉ / 恒星）	3. 巨星/行星状星云（最缓慢，~$10^{-3}$ $M_\odot$ / 恒星）	R2 核素/希腊字母/单位
604	**²⁶Al 的 1809 keV γ 线**（HEAO 3，近 5σ）证明核合成**现在仍在银河系中进行**——位点更可能是**新星**而非超新星高温区。	**$^{26}{\rm Al}$ 的 1809 keV $\gamma$ 线**（HEAO 3，近 5$\sigma$）证明核合成**现在仍在银河系中进行**——位点更可能是**新星**而非超新星高温区。	R2 核素/希腊字母/单位
613	¹⁹Ne(p,γ)²⁰Na 是 rp-process 的**触发反应**，反应率**不确定数个量级**（因 447-keV 共振 J^π 未定）。	$^{19}{\rm Ne}$(p,$\gamma$)$^{20}{\rm Na}$ 是 rp-process 的**触发反应**，反应率**不确定数个量级**（因 447-keV 共振 J^$\pi$ 未定）。	R2 核素/希腊字母/单位
616	1. **等待点 (Waiting Points)**：质子滴线 → β 衰变等待（⁷²Kr，$t_{1/2}$ = 17.2 s 是最终门）	1. **等待点 (Waiting Points)**：质子滴线 → $\beta$ 衰变等待（$^{72}{\rm Kr}$，$t_{1/2}$ = 17.2 s 是最终门）	R2 核素/希腊字母/单位
617	2. **光裂 (Photodisintegration)**：T=1 偶偶核 (p,γ) 逆反应	2. **光裂 (Photodisintegration)**：T=1 偶偶核 (p,$\gamma$) 逆反应	R2 核素/希腊字母/单位
618	3. **瓶颈 (Bottlenecks)**：T=1/2 奇偶核 (p,γ) 慢（³¹S(p,γ)³²Cl 等）	3. **瓶颈 (Bottlenecks)**：T=1/2 奇偶核 (p,$\gamma$) 慢（$^{31}{\rm S}$(p,$\gamma$)$^{32}{\rm Cl}$ 等）	R2 核素/希腊字母/单位
623	| 情形 | $T_{9}$ | ρ (g cm⁻³) | 时间 | 端点 |	| 情形 | $T_{9}$ | $\rho$ (g cm⁻³) | 时间 | 端点 |	R2 核素/希腊字母/单位
625	| SN 激波 | 0.3 | $10^{3}$ | 10–100 s | ³²S（或 ⁴⁰Ca） |	| SN 激波 | 0.3 | $10^{3}$ | 10–100 s | $^{32}{\rm S}$（或 $^{40}{\rm Ca}$） |	R2 核素/希腊字母/单位
626	| 极端 nova | 0.4 | $10^{4}$ | 1000 s | ⁵²Fe |	| 极端 nova | 0.4 | $10^{4}$ | 1000 s | $^{52}{\rm Fe}$ |	R2 核素/希腊字母/单位
627	| X 射线暴 | 1.5 | $10^{6}$ | 10 s | ⁷²Kr |	| X 射线暴 | 1.5 | $10^{6}$ | 10 s | $^{72}{\rm Kr}$ |	R2 核素/希腊字母/单位
629	**np-process**：通过 (n,p) 反应跨越轻 β 等待点——在 X 射线暴条件下启动。	**np-process**：通过 (n,p) 反应跨越轻 $\beta$ 等待点——在 X 射线暴条件下启动。	R2 核素/希腊字母/单位
631	**可达最重核**：rp 过程在 nova 温度下可产生至 ⁶⁵As、⁶⁸Se，X 射线暴条件下至 ⁹⁶Ru。	**可达最重核**：rp 过程在 nova 温度下可产生至 $^{65}{\rm As}$、$^{68}{\rm Se}$，X 射线暴条件下至 $^{96}{\rm Ru}$。	R2 核素/希腊字母/单位
660	- 两个参数复现 Z–μ 关系、Z 的相对均匀性、Z(t) 演化	- 两个参数复现 Z–$\mu$ 关系、Z 的相对均匀性、Z(t) 演化	R2 核素/希腊字母/单位
662	- **α 元素 vs Fe 问题**（"即时回收"近似缺陷）：需要双通道模型	- **$\alpha$ 元素 vs Fe 问题**（"即时回收"近似缺陷）：需要双通道模型	R2 核素/希腊字母/单位
666	- **[α/Fe] vs [Fe/H]**：盘星中在 [Fe/H] ≈ −1 处出现"拐点"，反映 Type II SN（α）与 Type Ia SN（Fe）的不同时标	- **[$\alpha$/Fe] vs [Fe/H]**：盘星中在 [Fe/H] ≈ −1 处出现"拐点"，反映 Type II SN（$\alpha$）与 Type Ia SN（Fe）的不同时标	R2 核素/希腊字母/单位
679	| 1 | $S = \sigma(E)\cdot E\cdot\exp\left(31.28\cdot Z_1\cdot Z_0\cdot\sqrt{A/E}\right)$ (keV·b) | S 因子（B²FH） |	| 1 | $S = \sigma(E)\cdot E\cdot\exp\left(31.28\cdot Z_1\cdot Z_0\cdot\sqrt{A/E}\right)$ (keV·b) | S 因子（B$^2$FH） |	R2 核素/希腊字母/单位
680	| 2 | $E_0 = 1.220\cdot(Z_1^2 Z_0^2 A T_9^2)^{1/3}$ keV | Gamow 峰（B²FH） |	| 2 | $E_0 = 1.220\cdot(Z_1^2 Z_0^2 A T_9^2)^{1/3}$ keV | Gamow 峰（B$^2$FH） |	R2 核素/希腊字母/单位
686	| 8 | $S_0(l=0) = 1.8\times10^{-20}\cdot(E_0/R)\cdot(1/A)\cdot\Gamma_2\cdot(1/\Delta E)\cdot\exp(+4\tau)$ | 非共振 (p,γ) S 因子 |	| 8 | $S_0(l=0) = 1.8\times10^{-20}\cdot(E_0/R)\cdot(1/A)\cdot\Gamma_2\cdot(1/\Delta E)\cdot\exp(+4\tau)$ | 非共振 (p,$\gamma$) S 因子 |	R2 核素/希腊字母/单位
694	| 11 | $\tau_\gamma({}^{14}{\rm N}) = 0.55\cdot(X_{\rm CN}/X_{\rm CN})\cdot10^{10}$ yr | ¹⁴N 循环时间 |	| 11 | $\tau_\gamma({}^{14}{\rm N}) = 0.55\cdot(X_{\rm CN}/X_{\rm CN})\cdot10^{10}$ yr | $^{14}{\rm N}$ 循环时间 |	R2 核素/希腊字母/单位
701	| 13 | $r_{3\alpha} \propto \rho^3 T_8^{-3}\exp(-4.4027\ T_8^{-1})$ | 3α 反应速率 |	| 13 | $r_{3\alpha} \propto \rho^3 T_8^{-3}\exp(-4.4027\ T_8^{-1})$ | 3$\alpha$ 反应速率 |	R2 核素/希腊字母/单位
702	| 14 | Hoyle 态：¹²C* E* = 7.65 MeV ($0^{+}$) | 3α 反应关键共振 |	| 14 | Hoyle 态：$^{12}{\rm C}$* E* = 7.65 MeV ($0^{+}$) | 3$\alpha$ 反应关键共振 |	R2 核素/希腊字母/单位
703	| 15 | $S_{\rm cap}(0.3\ {\rm MeV}) = 120\pm40$ keV·b | ¹²C(α,γ)¹⁶O（30% 不确定度） |	| 15 | $S_{\rm cap}(0.3\ {\rm MeV}) = 120\pm40$ keV·b | $^{12}{\rm C}$($\alpha$,$\gamma$)$^{16}{\rm O}$（30% 不确定度） |	R2 核素/希腊字母/单位
705	### α 过程与 NSE	### $\alpha$ 过程与 NSE	R2 核素/希腊字母/单位
728	| 25 | $t_\beta \propto 1/W_\beta^5$ | Fermi β 衰变理论 |	| 25 | $t_\beta \propto 1/W_\beta^5$ | Fermi $\beta$ 衰变理论 |	R2 核素/希腊字母/单位
743	| 30 | Spite plateau: log N(Li) ≈ 2.2 | 原初 ⁷Li 下限 |	| 30 | Spite plateau: log N(Li) ≈ 2.2 | 原初 $^{7}{\rm Li}$ 下限 |	R2 核素/希腊字母/单位
744	| 31 | ⁷Li/H ~ $10^{-10}$–$10^{-9}$ | BBN 预言 |	| 31 | $^{7}{\rm Li}$/H ~ $10^{-10}$–$10^{-9}$ | BBN 预言 |	R2 核素/希腊字母/单位
752	| 34 | $Y_p \approx 2(n_n/n_p)/(1+n_n/n_p) \approx 0.25$ | BBN ⁴He 丰度 |	| 34 | $Y_p \approx 2(n_n/n_p)/(1+n_n/n_p) \approx 0.25$ | BBN $^{4}{\rm He}$ 丰度 |	R2 核素/希腊字母/单位
768	| 硅燃烧密度 | ρ = $10^{7}$–$10^{9}$ g cm⁻³ | Fowler 1984 |	| 硅燃烧密度 | $\rho$ = $10^{7}$–$10^{9}$ g cm⁻³ | Fowler 1984 |	R2 核素/希腊字母/单位
769	| ε 过程温度 | T ~ $5\times10^{9}$ K | B²FH |	| $\epsilon$ 过程温度 | T ~ $5\times10^{9}$ K | B$^2$FH |	R2 核素/希腊字母/单位
770	| ε 过程密度 | ρ ~ $10^{7}$ g cm⁻³ | B²FH |	| $\epsilon$ 过程密度 | $\rho$ ~ $10^{7}$ g cm⁻³ | B$^2$FH |	R2 核素/希腊字母/单位
771	| p 过程温度 | T > $2\times10^{9}$ K（$T_{9}$ > 2–3） | B²FH |	| p 过程温度 | T > $2\times10^{9}$ K（$T_{9}$ > 2–3） | B$^2$FH |	R2 核素/希腊字母/单位
775	| s 过程中子密度（¹⁴⁷Nd 分支） | nₙ = (4.1±0.6)×$10^{8}$ cm⁻³ | Toukan 1995 |	| s 过程中子密度（$^{147}{\rm Nd}$ 分支） | nₙ = (4.1±0.6)×$10^{8}$ cm⁻³ | Toukan 1995 |	R2 核素/希腊字母/单位
776	| s 过程温度（¹⁷⁶Lu） | $T_{8}$ = 3.1±0.6 | Klay 1991 |	| s 过程温度（$^{176}{\rm Lu}$） | $T_{8}$ = 3.1±0.6 | Klay 1991 |	R2 核素/希腊字母/单位
777	| s 过程温度（¹⁵¹Sm） | $T_{8}$ = 3.5±0.4 | Wisshak 1995 |	| s 过程温度（$^{151}{\rm Sm}$） | $T_{8}$ = 3.5±0.4 | Wisshak 1995 |	R2 核素/希腊字母/单位
778	| s 过程温度（¹³⁴Cs） | $T_{8}$ = 1.7–1.9 | Voss/Koehler |	| s 过程温度（$^{134}{\rm Cs}$） | $T_{8}$ = 1.7–1.9 | Voss/Koehler |	R2 核素/希腊字母/单位
779	| s 过程密度（¹⁶³Dy） | ρₛ = (6.5±3.5)×$10^{3}$ g cm⁻³ | Jaag & Käppeler 1996 |	| s 过程密度（$^{163}{\rm Dy}$） | $\rho$ₛ = (6.5±3.5)×$10^{3}$ g cm⁻³ | Jaag & Käppeler 1996 |	R2 核素/希腊字母/单位
785	| p(p,γ)d（pp 链首步） | σ(1 MeV) ~ $10^{-47}$ cm² = $10^{-23}$ b | B²FH |	| p(p,$\gamma$)d（pp 链首步） | $\sigma$(1 MeV) ~ $10^{-47}$ cm² = $10^{-23}$ b | B$^2$FH |	R2 核素/希腊字母/单位
786	| ¹³N(p,γ)¹⁴O（Hot CNO） | Γγ = 3.1±0.4 eV（±13%） | Champagne & Wiescher 1992 |	| $^{13}{\rm N}$(p,$\gamma$)$^{14}{\rm O}$（Hot CNO） | $\Gamma$$\gamma$ = 3.1±0.4 eV（±13%） | Champagne & Wiescher 1992 |	R2 核素/希腊字母/单位
787	| ¹²C(α,γ)¹⁶O | S_cap(0.3 MeV) = 120±40 keV·b | Wallerstein 1997 |	| $^{12}{\rm C}$($\alpha$,$\gamma$)$^{16}{\rm O}$ | S_cap(0.3 MeV) = 120±40 keV·b | Wallerstein 1997 |	R2 核素/希腊字母/单位
788	| ¹²C+¹²C（碳燃烧） | σ(2.4 MeV) ~ $10^{-12}$ b；外推至 $E_{0}$=1.7 MeV ~ $10^{-19}$ b | Fowler 1984 |	| $^{12}{\rm C}$+$^{12}{\rm C}$（碳燃烧） | $\sigma$(2.4 MeV) ~ $10^{-12}$ b；外推至 $E_{0}$=1.7 MeV ~ $10^{-19}$ b | Fowler 1984 |	R2 核素/希腊字母/单位
789	| (p,γ) 在轻核上典型 $S_{0}$ | ~1–100 keV·b | B²FH |	| (p,$\gamma$) 在轻核上典型 $S_{0}$ | ~1–100 keV·b | B$^2$FH |	R2 核素/希腊字母/单位
790	| (p,n) 典型 $S_{0}$ | ~$10^{-3}$–$10^{-4}$ keV·b | B²FH |	| (p,n) 典型 $S_{0}$ | ~$10^{-3}$–$10^{-4}$ keV·b | B$^2$FH |	R2 核素/希腊字母/单位
800	| α 过程 | $10^{6}$–$10^{7}$ yr | B²FH |	| $\alpha$ 过程 | $10^{6}$–$10^{7}$ yr | B$^2$FH |	R2 核素/希腊字母/单位
801	| ε 过程（NSE） | 秒–分钟 | B²FH |	| $\epsilon$ 过程（NSE） | 秒–分钟 | B$^2$FH |	R2 核素/希腊字母/单位
802	| s 过程（低中子密度） | $10^{6}$–$10^{8}$ yr | B²FH |	| s 过程（低中子密度） | $10^{6}$–$10^{8}$ yr | B$^2$FH |	R2 核素/希腊字母/单位
803	| s 过程（高中子密度） | 10–$10^{4}$ yr | B²FH |	| s 过程（高中子密度） | 10–$10^{4}$ yr | B$^2$FH |	R2 核素/希腊字母/单位
804	| r 过程 | 10–100 s | B²FH |	| r 过程 | 10–100 s | B$^2$FH |	R2 核素/希腊字母/单位
805	| p 过程 | 分钟 | B²FH |	| p 过程 | 分钟 | B$^2$FH |	R2 核素/希腊字母/单位
808	| 银河系年龄 | ~$1.5\times10^{10}$ yr（B²FH 突然合成） | B²FH |	| 银河系年龄 | ~$1.5\times10^{10}$ yr（B$^2$FH 突然合成） | B$^2$FH |	R2 核素/希腊字母/单位
811	| AGB 超风时标 | ~$10^{5}$ yr（质量损失率 $10^{-5}$–$10^{-4}$ M☉/yr） | Wallerstein 1997 |	| AGB 超风时标 | ~$10^{5}$ yr（质量损失率 $10^{-5}$–$10^{-4}$ $M_\odot$/yr） | Wallerstein 1997 |	R2 核素/希腊字母/单位
817	| Hoyle 态（¹²C*）激发能 | **7.654 MeV**（$0^{+}$） |	| Hoyle 态（$^{12}{\rm C}$*）激发能 | **7.654 MeV**（$0^{+}$） |	R2 核素/希腊字母/单位
818	| Hoyle 态高出 ³α 阈值 | 287.5 keV |	| Hoyle 态高出 ³$\alpha$ 阈值 | 287.5 keV |	R2 核素/希腊字母/单位
819	| ³α 反应能量释放 | 7.275 MeV |	| ³$\alpha$ 反应能量释放 | 7.275 MeV |	R2 核素/希腊字母/单位
820	| 12C(α,γ)16O 能量释放 | 7.162 MeV |	| 12C($\alpha$,$\gamma$)16O 能量释放 | 7.162 MeV |	R2 核素/希腊字母/单位
822	| ⁵⁶Ni 半衰期 | 6.1 d |	| $^{56}{\rm Ni}$ 半衰期 | 6.1 d |	R2 核素/希腊字母/单位
823	| ⁵⁶Co 半衰期 | 77.3 d |	| $^{56}{\rm Co}$ 半衰期 | 77.3 d |	R2 核素/希腊字母/单位
824	| ⁵⁶Ni → ⁵⁶Fe 衰变链 γ 射线 | 847 & 1238 keV（SN 1987A） |	| $^{56}{\rm Ni}$ → $^{56}{\rm Fe}$ 衰变链 $\gamma$ 射线 | 847 & 1238 keV（SN 1987A） |	R2 核素/希腊字母/单位
826	| Fm²⁵⁸ 半衰期 | ~370 μs（自发裂变截止） |	| Fm²⁵⁸ 半衰期 | ~370 $\mu$s（自发裂变截止） |	R2 核素/希腊字母/单位
831	| ⁷²Kr 半衰期（rp 端点） | 17.2 s |	| $^{72}{\rm Kr}$ 半衰期（rp 端点） | 17.2 s |	R2 核素/希腊字母/单位
832	| ¹³N 半衰期（Hot CNO 触发） | 9.97 min |	| $^{13}{\rm N}$ 半衰期（Hot CNO 触发） | 9.97 min |	R2 核素/希腊字母/单位
834	| ⁷Li 半衰期（无意义，稳定） | — |	| $^{7}{\rm Li}$ 半衰期（无意义，稳定） | — |	R2 核素/希腊字母/单位
835	| ²⁶Al 半衰期 | $7.2\times10^{5}$ yr |	| $^{26}{\rm Al}$ 半衰期 | $7.2\times10^{5}$ yr |	R2 核素/希腊字母/单位
836	| ¹⁷⁶Lu 半衰期（地面 vs s 过程温度） | 36 Gyr → 几年 |	| $^{176}{\rm Lu}$ 半衰期（地面 vs s 过程温度） | 36 Gyr → 几年 |	R2 核素/希腊字母/单位
837	| ¹⁸⁷Re 束缚态 β 衰变 | GSI 储存环测量 |	| $^{187}{\rm Re}$ 束缚态 $\beta$ 衰变 | GSI 储存环测量 |	R2 核素/希腊字母/单位
838	| ⁸Be 基态能量 | 92 keV 高于双 α |	| $^{8}{\rm Be}$ 基态能量 | 92 keV 高于双 $\alpha$ |	R2 核素/希腊字母/单位
839	| ⁸Be 共振宽 Γ | ~5.6 eV |	| $^{8}{\rm Be}$ 共振宽 $\Gamma$ | ~5.6 eV |	R2 核素/希腊字母/单位
840	| ²⁰Ne α 结合能 | 4.731 MeV |	| $^{20}{\rm Ne}$ $\alpha$ 结合能 | 4.731 MeV |	R2 核素/希腊字母/单位
841	| ¹⁶O α 结合能 | 7.162 MeV |	| $^{16}{\rm O}$ $\alpha$ 结合能 | 7.162 MeV |	R2 核素/希腊字母/单位
842	| ⁵⁰Cr(p,n) 阈值 | 2.158 MeV |	| $^{50}{\rm Cr}$(p,n) 阈值 | 2.158 MeV |	R2 核素/希腊字母/单位
844	| pp 链能量释放/⁴He | 26.73 MeV |	| pp 链能量释放/$^{4}{\rm He}$ | 26.73 MeV |	R2 核素/希腊字母/单位
856	| ⁷Li/H（BBN 预言） | ~$10^{-10}$–$10^{-9}$ | Boesgaard & Steigman 1985 |	| $^{7}{\rm Li}$/H（BBN 预言） | ~$10^{-10}$–$10^{-9}$ | Boesgaard & Steigman 1985 |	R2 核素/希腊字母/单位
860	| ⁵⁶Fe 占太阳系统质量 | ~0.1% | Wallerstein 1997 |	| $^{56}{\rm Fe}$ 占太阳系统质量 | ~0.1% | Wallerstein 1997 |	R2 核素/希腊字母/单位
861	| ⁵⁶Fe 占除 H+He 外质量 | ~6% | Wallerstein 1997 |	| $^{56}{\rm Fe}$ 占除 H+He 外质量 | ~6% | Wallerstein 1997 |	R2 核素/希腊字母/单位
862	| ⁵⁶Fe 占除 H,He,C,N,O 外质量 | ~20% | Wallerstein 1997 |	| $^{56}{\rm Fe}$ 占除 H,He,C,N,O 外质量 | ~20% | Wallerstein 1997 |	R2 核素/希腊字母/单位
863	| Pb²⁰⁸ 同位素丰度 | 52% | B²FH |	| Pb²⁰⁸ 同位素丰度 | 52% | B$^2$FH |	R2 核素/希腊字母/单位
864	| ¹¹B/¹⁰B（陨石） | 4.05 | Anders & Grevesse 1989 |	| $^{11}{\rm B}$/$^{10}{\rm B}$（陨石） | 4.05 | Anders & Grevesse 1989 |	R2 核素/希腊字母/单位
870	| 类型 | σ 典型值 |	| 类型 | $\sigma$ 典型值 |	R2 核素/希腊字母/单位
875	| "1 barn = 24¢/mol"（B²FH） | 首次系统截面估算 |	| "1 barn = 24¢/mol"（B$^2$FH） | 首次系统截面估算 |	R2 核素/希腊字母/单位
886	| SN 每颗抛射 ⁵⁶Ni | ~0.1 M☉（SN II）；~1 M☉（SN Ia） |	| SN 每颗抛射 $^{56}{\rm Ni}$ | ~0.1 $M_\odot$（SN II）；~1 $M_\odot$（SN Ia） |	R2 核素/希腊字母/单位
887	| 银河系 r 过程物质总量 | >$10^{4}$ M☉ |	| 银河系 r 过程物质总量 | >$10^{4}$ $M_\odot$ |	R2 核素/希腊字母/单位
888	| 中子星风 r 过程抛射量 | ~$10^{-5}$ M☉ / 颗 SN |	| 中子星风 r 过程抛射量 | ~$10^{-5}$ $M_\odot$ / 颗 SN |	R2 核素/希腊字母/单位
897	| Y_p（⁴He 原初丰度） | ~0.24–0.25 |	| Y_p（$^{4}{\rm He}$ 原初丰度） | ~0.24–0.25 |	R2 核素/希腊字母/单位
899	| 中子寿命 τₙ | 878 s |	| 中子寿命 $\tau$ₙ | 878 s |	R2 核素/希腊字母/单位
900	| ⁷Li 产生凹陷 n/γ | ~$127\times10^{-10}$ |	| $^{7}{\rm Li}$ 产生凹陷 n/$\gamma$ | ~$127\times10^{-10}$ |	R2 核素/希腊字母/单位
906	1. **B²FH (1957)** — Burbidge, Burbidge, Fowler, Hoyle, *Rev. Mod. Phys.* **29**, 547	1. **B$^2$FH (1957)** — Burbidge, Burbidge, Fowler, Hoyle, *Rev. Mod. Phys.* **29**, 547	R2 核素/希腊字母/单位
913	8. **Takahashi & Yokoi (1987)** — s 过程分支点恒星 β 衰变速率	8. **Takahashi & Yokoi (1987)** — s 过程分支点恒星 $\beta$ 衰变速率	R2 核素/希腊字母/单位
84	- 根因：Holweger-Müller 1974 半经验模型在 log τ ≈ −3 层偏热 ~200 K，	- 根因：Holweger-Müller 1974 半经验模型在 log $\tau$ ≈ −3 层偏热 ~200 K，	R2 核素/希腊字母/单位
87	构造"新模型"在 log τ ≈ −3 层降温 200 K，低激发线丰度**上移**到陨石值	构造"新模型"在 log $\tau$ ≈ −3 层降温 200 K，低激发线丰度**上移**到陨石值	R2 核素/希腊字母/单位
92	- 中心-边缘变化自然出现，Hα/Hβ 线无自由参数复现	- 中心-边缘变化自然出现，H$\alpha$/H$\beta$ 线无自由参数复现	R2 核素/希腊字母/单位
95	- Fe 丰度之争在 3D 模型下彻底解决：log ε_Fe = 7.50	- Fe 丰度之争在 3D 模型下彻底解决：log $\epsilon$_Fe = 7.50	R2 核素/希腊字母/单位
194	- $C_{1}$² → $N_{1}$³（慢步骤，¹²C(p,γ)¹³N）	- $C_{1}$² → $N_{1}$³（慢步骤，$^{12}{\rm C}$(p,$\gamma$)$^{13}{\rm N}$）	R2 核素/希腊字母/单位
198	- 太阳中微子（Borexino, SNO+）将直接测量 ¹³N、¹⁵O 通量（CNO 循环）	- 太阳中微子（Borexino, SNO+）将直接测量 $^{13}{\rm N}$、$^{15}{\rm O}$ 通量（CNO 循环）	R2 核素/希腊字母/单位
247	| T_eff / log g | Strömgren [c1] + Balona c⁰ + Hβ 轮廓迭代 |	| T_eff / log g | Strömgren [c1] + Balona c⁰ + H$\beta$ 轮廓迭代 |	R2 核素/希腊字母/单位
250	| 温度修正 | ΔT = f·T_eff, f = 0.034 ± 0.015 |	| 温度修正 | $\Delta$T = f·T_eff, f = 0.034 ± 0.015 |	R2 核素/希腊字母/单位
254	- 非超巨星 B 星 ≈ 太阳 ≈ Orion 星云（Δ log ε ≈ 0）	- 非超巨星 B 星 ≈ 太阳 ≈ Orion 星云（$\Delta$ log $\epsilon$ ≈ 0）	R2 核素/希腊字母/单位
255	- log ε(He) ≈ 11.00（与太阳一致）	- log $\epsilon$(He) ≈ 11.00（与太阳一致）	R2 核素/希腊字母/单位
256	- log ε(C) ≈ 8.15（略低于太阳 8.43）	- log $\epsilon$(C) ≈ 8.15（略低于太阳 8.43）	R2 核素/希腊字母/单位
257	- log ε(N) ≈ 8.15（略低于太阳 7.83-8.4）	- log $\epsilon$(N) ≈ 8.15（略低于太阳 7.83-8.4）	R2 核素/希腊字母/单位
258	- log ε(O) ≈ 8.80（与太阳 8.69 一致）	- log $\epsilon$(O) ≈ 8.80（与太阳 8.69 一致）	R2 核素/希腊字母/单位
259	- **Lyubimkov 主张不成立**：log g=3.5 + ξ=10 的假组合可产生 0.90 dex 假增	- **Lyubimkov 主张不成立**：log g=3.5 + $\xi$=10 的假组合可产生 0.90 dex 假增	R2 核素/希腊字母/单位
260	- **ρ Leo (HD 91316)** 最 N 富集 +0.60 dex → **定量匹配 Maeder-Meynet 演化轨**	- **$\rho$ Leo (HD 91316)** 最 N 富集 +0.60 dex → **定量匹配 Maeder-Meynet 演化轨**	R2 核素/希腊字母/单位
277	- 诊断图（BPT 图）：log([O III]λ5007/Hβ) vs log([N II]/Hα) 或 [S II]/Hα 或 [O I]/Hα	- 诊断图（BPT 图）：log([O III]$\lambda$5007/H$\beta$) vs log([N II]/H$\alpha$) 或 [S II]/H$\alpha$ 或 [O I]/H$\alpha$	R2 核素/希腊字母/单位
279	- > 4 Ry 光子（>756 eV）对 [N II]/Hα 贡献小	- > 4 Ry 光子（>756 eV）对 [N II]/H$\alpha$ 贡献小	R2 核素/希腊字母/单位
289	| He II λ4686 预测 | −6（错误）| −1.7（与观测一致）|	| He II $\lambda$4686 预测 | −6（错误）| −1.7（与观测一致）|	R2 核素/希腊字母/单位
300	| 氢燃烧寿命 | τ ≈ 4.5 (M/40 M☉)⁻⁰·⁴³ Myr |	| 氢燃烧寿命 | $\tau$ ≈ 4.5 (M/40 $M_\odot$)⁻⁰·⁴³ Myr |	R2 核素/希腊字母/单位
301	| 全星系 SFR | ~3.4 M☉/yr |	| 全星系 SFR | ~3.4 $M_\odot$/yr |	R2 核素/希腊字母/单位
302	| 1 kpc 视场 SFR | ~0.07 M☉/yr (FIR) vs ~0.04 M☉/yr (Hα) |	| 1 kpc 视场 SFR | ~0.07 $M_\odot$/yr (FIR) vs ~0.04 $M_\odot$/yr (H$\alpha$) |	R2 核素/希腊字母/单位
328	- Hβ 贡献 16–20%，但 [O III]/Hβ 仅 ~2%（可忽略）	- H$\beta$ 贡献 16–20%，但 [O III]/H$\beta$ 仅 ~2%（可忽略）	R2 核素/希腊字母/单位
330	- 冷却时标：τ_cool ≈ 200 · $v_{100}$⁻⁴·⁴ · Z · n yr	- 冷却时标：$\tau$_cool ≈ 200 · $v_{100}$⁻⁴·⁴ · Z · n yr	R2 核素/希腊字母/单位
375	| 太阳邻域 | Oort 1932 总密度 0.092 M☉/pc³ | 1932 |	| 太阳邻域 | Oort 1932 总密度 0.092 $M_\odot$/pc³ | 1932 |	R2 核素/希腊字母/单位
383	| CMB | Ω_b h² = 0.02225 ± 0.00016 | Planck 2015 |	| CMB | $\Omega$_b h² = 0.02225 ± 0.00016 | Planck 2015 |	R2 核素/希腊字母/单位
420	| 轴子 | PQ 机制 | $10^{-6}$ – $10^{-4}$ eV | ADMX 已覆盖 1.9–3.3 μeV |	| 轴子 | PQ 机制 | $10^{-6}$ – $10^{-4}$ eV | ADMX 已覆盖 1.9–3.3 $\mu$eV |	R2 核素/希腊字母/单位
428	- **Ω_b h² = 0.02225 ± 0.00016**（Planck 2015，<1% 精度）	- **$\Omega$_b h² = 0.02225 ± 0.00016**（Planck 2015，<1% 精度）	R2 核素/希腊字母/单位
431	1. EROS 微透镜 < 8%（排除 0.1–10 M☉）	1. EROS 微透镜 < 8%（排除 0.1–10 $M_\odot$）	R2 核素/希腊字母/单位
443	| ADMX | 轴子 | 覆盖 1.9–3.3 μeV |	| ADMX | 轴子 | 覆盖 1.9–3.3 $\mu$eV |	R2 核素/希腊字母/单位
468	- **Bertone & Hooper 2018**：Ω_b h² 约束与太阳邻域密度（Oort 1932）	- **Bertone & Hooper 2018**：$\Omega$_b h² 约束与太阳邻域密度（Oort 1932）	R2 核素/希腊字母/单位
560	| Ω_b h² (Planck 2015) | 0.02225 ± 0.00016 |	| $\Omega$_b h² (Planck 2015) | 0.02225 ± 0.00016 |	R2 核素/希腊字母/单位
563	| WIMP σv | ~$10^{-26}$ cm³/s |	| WIMP $\sigma$v | ~$10^{-26}$ cm³/s |	R2 核素/希腊字母/单位
565	| Oort 1932 太阳邻域 | 0.092 M☉/pc³ |	| Oort 1932 太阳邻域 | 0.092 $M_\odot$/pc³ |	R2 核素/希腊字母/单位
566	| 暗物质上限 (Oort) | ≤ 0.05 M☉/pc³ |	| 暗物质上限 (Oort) | ≤ 0.05 $M_\odot$/pc³ |	R2 核素/希腊字母/单位
593	3. **ΛCDM 小尺度危机**：missing satellites, cusp-core, too-big-to-fail	3. **$\Lambda$CDM 小尺度危机**：missing satellites, cusp-core, too-big-to-fail	R2 核素/希腊字母/单位
595	5. **σ₈ tension**：CMB vs 弱引力透镜	5. **$\sigma$₈ tension**：CMB vs 弱引力透镜	R2 核素/希腊字母/单位
636	| **氦燃烧（3α, α+α）** | 太阳 He 丰度 | GS98, AGSS09 |	| **氦燃烧（3$\alpha$, $\alpha$+$\alpha$）** | 太阳 He 丰度 | GS98, AGSS09 |	R2 核素/希腊字母/单位
644	| **暗物质与核合成** | Ω_b h², 原初核合成 | Bertone-Hooper 2018 |	| **暗物质与核合成** | $\Omega$_b h², 原初核合成 | Bertone-Hooper 2018 |	R2 核素/希腊字母/单位
56	- **简单模型难以同时满足 ³He/⁴He 观测**（§286）：氦截面足够小，³He/⁴He 会高于观测。	- **简单模型难以同时满足 $^{3}{\rm He}$/$^{4}{\rm He}$ 观测**（§286）：氦截面足够小，$^{3}{\rm He}$/$^{4}{\rm He}$ 会高于观测。	R2 核素/希腊字母/单位
63	- **§4.2.1 论证共振不稳定性在 $\xi_{CR}\sim10\%$ 时失效是决定性的**（§4）：如果正确，传统 "δB/B ~ 1 饱和" 的教科书结论在 SNR 强加速下不适用。	- **§4.2.1 论证共振不稳定性在 $\xi_{CR}\sim10\%$ 时失效是决定性的**（§4）：如果正确，传统 "$\delta$B/B ~ 1 饱和" 的教科书结论在 SNR 强加速下不适用。	R2 核素/希腊字母/单位
114	### 1.9 Burbidge, Burbidge, Fowler & Hoyle (1957) — 恒星核合成 B²FH	### 1.9 Burbidge, Burbidge, Fowler & Hoyle (1957) — 恒星核合成 B$^2$FH	R2 核素/希腊字母/单位
116	- **对超新星供能的判断后来被证实基本错误**（§7）：I 型超新星（今日 Ia 型）能量主要来自 ⁵⁶Ni → ⁵⁶Co → ⁵⁶Fe 衰变链（63 天与 111 天半衰期）；Cf²⁵⁴ 不是主要供能者。	- **对超新星供能的判断后来被证实基本错误**（§7）：I 型超新星（今日 Ia 型）能量主要来自 $^{56}{\rm Ni}$ → $^{56}{\rm Co}$ → $^{56}{\rm Fe}$ 衰变链（63 天与 111 天半衰期）；Cf²⁵⁴ 不是主要供能者。	R2 核素/希腊字母/单位
123	- **§8 $p$ 过程**：今日已知存在多种补充机制（$\nu p$ 过程、光驱动 $p$ 过程）B²FH 未覆盖。	- **§8 $p$ 过程**：今日已知存在多种补充机制（$\nu p$ 过程、光驱动 $p$ 过程）B$^2$FH 未覆盖。	R2 核素/希腊字母/单位
131	- **B²FH 与 Cameron (1957) 之间具体分歧未交代**（§1）。	- **B$^2$FH 与 Cameron (1957) 之间具体分歧未交代**（§1）。	R2 核素/希腊字母/单位
134	- **§7 银河演化模型**：即时回收近似缺陷，α 元素 vs Fe 问题需要双通道模型。	- **§7 银河演化模型**：即时回收近似缺陷，$\alpha$ 元素 vs Fe 问题需要双通道模型。	R2 核素/希腊字母/单位
145	- **深地实验室 LUNA 将 ¹²C($\alpha,\gamma$)¹⁶O 推到 Fowler 时代无法触及的 300 keV 以下**（§3）：部分验证/修正了 Fig. 6 的两种外推。	- **深地实验室 LUNA 将 $^{12}{\rm C}$($\alpha,\gamma$)$^{16}{\rm O}$ 推到 Fowler 时代无法触及的 300 keV 以下**（§3）：部分验证/修正了 Fig. 6 的两种外推。	R2 核素/希腊字母/单位
147	- **§5 ¹²C($\alpha,\gamma$)¹⁶O 反应率的 1.6 倍不确定度**（§5）：直到今天（2024）仍存在！LUNA 已将系统不确定度缩小至 $\sim10$–$20\%$，但仍**是恒星演化模型关键瓶颈**。	- **§5 $^{12}{\rm C}$($\alpha,\gamma$)$^{16}{\rm O}$ 反应率的 1.6 倍不确定度**（§5）：直到今天（2024）仍存在！LUNA 已将系统不确定度缩小至 $\sim10$–$20\%$，但仍**是恒星演化模型关键瓶颈**。	R2 核素/希腊字母/单位
148	- **§6 ¹²C+¹²C、¹⁶O+¹⁶O 反应率 2010–2020 年代有新截面测量**（§6）：显著影响大质量恒星演化模型与 Ia 超新星点燃条件。	- **§6 $^{12}{\rm C}$+$^{12}{\rm C}$、$^{16}{\rm O}$+$^{16}{\rm O}$ 反应率 2010–2020 年代有新截面测量**（§6）：显著影响大质量恒星演化模型与 Ia 超新星点燃条件。	R2 核素/希腊字母/单位
157	- **¹²C($\alpha,\gamma$)¹⁶O 与 ¹⁴N(p,$\gamma$)¹⁵O 反应率 $\sim2\times$ 不确定度**（§99.5）：影响几乎所有核合成定量预测。	- **$^{12}{\rm C}$($\alpha,\gamma$)$^{16}{\rm O}$ 与 $^{14}{\rm N}$(p,$\gamma$)$^{15}{\rm O}$ 反应率 $\sim2\times$ 不确定度**（§99.5）：影响几乎所有核合成定量预测。	R2 核素/希腊字母/单位
161	- **经典 $s$ 过程模型无法分辨 ¹³C 与 ²²Ne 阶段的贡献**（§7）：现代 Torino 的时序 AGB 网络计算（Jaag 1990; Beer et al. 1997）弥补了这一局限。	- **经典 $s$ 过程模型无法分辨 $^{13}{\rm C}$ 与 $^{22}{\rm Ne}$ 阶段的贡献**（§7）：现代 Torino 的时序 AGB 网络计算（Jaag 1990; Beer et al. 1997）弥补了这一局限。	R2 核素/希腊字母/单位
162	- **¹³C 口袋的确切形成机制**在 1997 年仍有多种竞争方案。	- **$^{13}{\rm C}$ 口袋的确切形成机制**在 1997 年仍有多种竞争方案。	R2 核素/希腊字母/单位
164	- **太阳系 ¹⁵N/¹⁴N 中 nova 贡献比例不确定**。	- **太阳系 $^{15}{\rm N}$/$^{14}{\rm N}$ 中 nova 贡献比例不确定**。	R2 核素/希腊字母/单位
171	- **¹⁹Ne(p,$\gamma$)²⁰Na 是 rp-process 第一个触发反应**（§6）：反应率不确定"数个量级"，意味着**整个 rp-process 计算在起始处就有根本不确定性**——本文最刺骨的发现。	- **$^{19}{\rm Ne}$(p,$\gamma$)$^{20}{\rm Na}$ 是 rp-process 第一个触发反应**（§6）：反应率不确定"数个量级"，意味着**整个 rp-process 计算在起始处就有根本不确定性**——本文最刺骨的发现。	R2 核素/希腊字母/单位
172	- **²⁶Al $\gamma$ 射线观测倒逼核反应率研究**（§6）：作者明确将天体物理观测与核物理实验的需求挂钩。	- **$^{26}{\rm Al}$ $\gamma$ 射线观测倒逼核反应率研究**（§6）：作者明确将天体物理观测与核物理实验的需求挂钩。	R2 核素/希腊字母/单位
173	- **rp-process 端点 ⁷²Kr 的预言依赖单一核素 ⁷³Rb 的质子束缚状态**（§99.5）——单点脆弱性。	- **rp-process 端点 $^{72}{\rm Kr}$ 的预言依赖单一核素 $^{73}{\rm Rb}$ 的质子束缚状态**（§99.5）——单点脆弱性。	R2 核素/希腊字母/单位
175	- **1992 年"无法测量"的反应**（如 ¹⁹Ne(p,$\gamma$)²⁰Na）今日已在 FRIB/FAIR/RIBF/HIE-ISOLDE 得到约束。	- **1992 年"无法测量"的反应**（如 $^{19}{\rm Ne}$(p,$\gamma$)$^{20}{\rm Na}$）今日已在 FRIB/FAIR/RIBF/HIE-ISOLDE 得到约束。	R2 核素/希腊字母/单位
227	- **¹⁶O/¹⁸O = 440 ± 20**（§3.139）：可能因 1D 模型未正确处理同位素异构体温度敏感性。	- **$^{16}{\rm O}$/$^{18}{\rm O}$ = 440 ± 20**（§3.139）：可能因 1D 模型未正确处理同位素异构体温度敏感性。	R2 核素/希腊字母/单位
269	- **未讨论 ΛCDM 当前挑战**（§99.50）：小尺度危机（missing satellites, cusp-core, too-big-to-fail）、$H_0$ tension、$\sigma_8$ tension。	- **未讨论 $\Lambda$CDM 当前挑战**（§99.50）：小尺度危机（missing satellites, cusp-core, too-big-to-fail）、$H_0$ tension、$\sigma_8$ tension。	R2 核素/希腊字母/单位
290	| ¹²C($\alpha,\gamma$)¹⁶O 反应率 | S(300 keV) $\sim 1.0$–$2.0$ keV·b | Fowler 1984 §5, Wallerstein 1997 §99.5 | **未决**：LUNA 将不确定度缩小至 $\sim10$–$20\%$，但仍关键 |	| $^{12}{\rm C}$($\alpha,\gamma$)$^{16}{\rm O}$ 反应率 | S(300 keV) $\sim 1.0$–$2.0$ keV·b | Fowler 1984 §5, Wallerstein 1997 §99.5 | **未决**：LUNA 将不确定度缩小至 $\sim10$–$20\%$，但仍关键 |	R2 核素/希腊字母/单位
291	| $r$ 过程位点 | 中微子风 SN vs NS-NS 合并 vs Magnetorotational SN | B²FH 1957 §6, Fowler 1984 §9, Wallerstein 1997 §8 | **已解决**：GW170817 证实 NS-NS 合并是主要位点，但中微子风可能仍贡献第一峰 |	| $r$ 过程位点 | 中微子风 SN vs NS-NS 合并 vs Magnetorotational SN | B$^2$FH 1957 §6, Fowler 1984 §9, Wallerstein 1997 §8 | **已解决**：GW170817 证实 NS-NS 合并是主要位点，但中微子风可能仍贡献第一峰 |	R2 核素/希腊字母/单位
292	| $s$ 过程 ¹³C 口袋形成 | Ne 富集 vs 部分混合 vs 旋转混合 | Wallerstein 1997 §7,99.5 | **未决**：现代时序 AGB 计算有进展 |	| $s$ 过程 $^{13}{\rm C}$ 口袋形成 | Ne 富集 vs 部分混合 vs 旋转混合 | Wallerstein 1997 §7,99.5 | **未决**：现代时序 AGB 计算有进展 |	R2 核素/希腊字母/单位
302	| 银河年龄 | BBN+核宇宙化学计时 17.9 Gyr (1984) vs 13.8 Gyr (Planck) | Fowler 1984 §10, B²FH 1957 §7 | **已解决**：$13.8\pm0.02$ Gyr (Planck) |	| 银河年龄 | BBN+核宇宙化学计时 17.9 Gyr (1984) vs 13.8 Gyr (Planck) | Fowler 1984 §10, B$^2$FH 1957 §7 | **已解决**：$13.8\pm0.02$ Gyr (Planck) |	R2 核素/希腊字母/单位
311	1. **反应率与截面数据瓶颈**：核天体物理中，几乎所有定量预测的不确定度都追溯到关键反应的截面（¹²C($\alpha,\gamma$)¹⁶O、¹⁹Ne(p,$\gamma$)²⁰Na、spallation 截面）。1990 年代前，许多速率靠 S 因子外推；2000 年代后 LUNA、FRIB、FAIR 等深地/放射性束设施才开始直接测量。	1. **反应率与截面数据瓶颈**：核天体物理中，几乎所有定量预测的不确定度都追溯到关键反应的截面（$^{12}{\rm C}$($\alpha,\gamma$)$^{16}{\rm O}$、$^{19}{\rm Ne}$(p,$\gamma$)$^{20}{\rm Na}$、spallation 截面）。1990 年代前，许多速率靠 S 因子外推；2000 年代后 LUNA、FRIB、FAIR 等深地/放射性束设施才开始直接测量。	R2 核素/希腊字母/单位
44	| `γ 射线` | 0001_bhattacharjee-sigl-2000; 0004_blasi-2013; 0005_amato-2014; 0006_grenier-2015; 0007_biermann-1996 | γ 射线 |	| `$\gamma$ 射线` | 0001_bhattacharjee-sigl-2000; 0004_blasi-2013; 0005_amato-2014; 0006_grenier-2015; 0007_biermann-1996 | $\gamma$ 射线 |	R2 核素/希腊字母/单位
70	| `pion` | 0001_bhattacharjee-sigl-2000; 0004_blasi-2013; 0005_amato-2014 | π 介子 |	| `pion` | 0001_bhattacharjee-sigl-2000; 0004_blasi-2013; 0005_amato-2014 | $\pi$ 介子 |	R2 核素/希腊字母/单位
104	| `gamma-ray` | 0004_blasi-2013; 0005_amato-2014 | γ 射线 |	| `gamma-ray` | 0004_blasi-2013; 0005_amato-2014 | $\gamma$ 射线 |	R2 核素/希腊字母/单位
109	| `稳态流 (steady-flow)` | 0001_b2fh-1957; 0002_trimble-1975 | s 过程中 σ(A)·N(A) = const 的分析框架 |	| `稳态流 (steady-flow)` | 0001_b2fh-1957; 0002_trimble-1975 | s 过程中 $\sigma$(A)·N(A) = const 的分析框架 |	R2 核素/希腊字母/单位
110	| `等待点近似 (waiting-point)` | 0001_b2fh-1957; 0003_fowler-1984 | r 过程丰度由 β 衰变慢的核素决定 |	| `等待点近似 (waiting-point)` | 0001_b2fh-1957; 0003_fowler-1984 | r 过程丰度由 $\beta$ 衰变慢的核素决定 |	R2 核素/希腊字母/单位
112	| `S 因子 (S-factor)` | 0001_b2fh-1957; 0003_fowler-1984 | 剔除库仑势垒因子的反应截面参数 S = σ·E·exp(Sommerfeld) |	| `S 因子 (S-factor)` | 0001_b2fh-1957; 0003_fowler-1984 | 剔除库仑势垒因子的反应截面参数 S = $\sigma$·E·exp(Sommerfeld) |	R2 核素/希腊字母/单位
113	| `3α 反应 (triple-alpha)` | 0001_b2fh-1957; 0003_fowler-1984 | 3 个 α 粒子合成 ¹²C 的天体物理关键反应 |	| `3$\alpha$ 反应 (triple-alpha)` | 0001_b2fh-1957; 0003_fowler-1984 | 3 个 $\alpha$ 粒子合成 $^{12}{\rm C}$ 的天体物理关键反应 |	R2 核素/希腊字母/单位
128	| `microturbulence (ξ)` | 0009_asplund-2009-solar-composition; 0010_gies-lambert-1992 | 微湍流 |	| `microturbulence ($\xi$)` | 0009_asplund-2009-solar-composition; 0010_gies-lambert-1992 | 微湍流 |	R2 核素/希腊字母/单位
146	| `(α,n) reaction` | 0014_cameron-1968 | (α,n) 反应 |	| `($\alpha$,n) reaction` | 0014_cameron-1968 | ($\alpha$,n) 反应 |	R2 核素/希腊字母/单位
151	| `12C(α,γ)16O` | 0004_wallerstein-1997 | 恒星 He 燃烧中决定 C/O 比的核心反应，速率仍存 30% 不确定 |	| `12C($\alpha$,$\gamma$)16O` | 0004_wallerstein-1997 | 恒星 He 燃烧中决定 C/O 比的核心反应，速率仍存 30% 不确定 |	R2 核素/希腊字母/单位
152	| `13C 口袋 (13C pocket)` | 0004_wallerstein-1997 | AGB 星 He 闪后形成的 13C 富集薄层，是低温 (n,γ) 中子源 |	| `13C 口袋 (13C pocket)` | 0004_wallerstein-1997 | AGB 星 He 闪后形成的 13C 富集薄层，是低温 (n,$\gamma$) 中子源 |	R2 核素/希腊字母/单位
158	| `22Ne(α,n)25Mg` | 0004_wallerstein-1997 | AGB 星高温中子源；C/O 核质量 ≥0.9 M☉ 时启动 |	| `22Ne($\alpha$,n)25Mg` | 0004_wallerstein-1997 | AGB 星高温中子源；C/O 核质量 ≥0.9 $M_\odot$ 时启动 |	R2 核素/希腊字母/单位
159	| `25 M☉ 恒星` | 0003_fowler-1984 | 大质量星标准模型；Woosley & Weaver (1982) 的核心输入 |	| `25 $M_\odot$ 恒星` | 0003_fowler-1984 | 大质量星标准模型；Woosley & Weaver (1982) 的核心输入 |	R2 核素/希腊字母/单位
160	| `26Al γ 射线巡天` | 0004_wallerstein-1997 | 银河系 Mg-Al 循环活性的实时诊断 |	| `26Al $\gamma$ 射线巡天` | 0004_wallerstein-1997 | 银河系 Mg-Al 循环活性的实时诊断 |	R2 核素/希腊字母/单位
196	| `angular velocity ω ~ 6×$10^{-5}$ s⁻¹` | 0015_kraft-1994 | 所需角速度 |	| `angular velocity $\omega$ ~ 6×$10^{-5}$ s⁻¹` | 0015_kraft-1994 | 所需角速度 |	R2 核素/希腊字母/单位
227	| `B²FH (Burbidge-Burbidge-Fowler-Hoyle 1957)` | 0014_cameron-1968 | B²FH 论文 |	| `B$^2$FH (Burbidge-Burbidge-Fowler-Hoyle 1957)` | 0014_cameron-1968 | B$^2$FH 论文 |	R2 核素/希腊字母/单位
236	| `branching ratio b = (p,α)/(p,γ)` | 0005_champagne-wiescher-1992 | 分支比 |	| `branching ratio b = (p,$\alpha$)/(p,$\gamma$)` | 0005_champagne-wiescher-1992 | 分支比 |	R2 核素/希腊字母/单位
269	| `Cf²⁵⁴ 供能` | 0001_b2fh-1957 | B²FH 提出超新星光变曲线由 ²⁵⁴Cf 自发裂变供能 |	| `Cf²⁵⁴ 供能` | 0001_b2fh-1957 | B$^2$FH 提出超新星光变曲线由 $^{254}{\rm Cf}$ 自发裂变供能 |	R2 核素/希腊字母/单位
400	| `GSI 储存环 (GSI storage ring)` | 0004_wallerstein-1997 | 直接测量束缚态 β 衰变（¹⁶³Dy, ¹⁸⁷Re）的加速器设施 |	| `GSI 储存环 (GSI storage ring)` | 0004_wallerstein-1997 | 直接测量束缚态 $\beta$ 衰变（$^{163}{\rm Dy}$, $^{187}{\rm Re}$）的加速器设施 |	R2 核素/希腊字母/单位
410	| `gamma ray` | 0004_blasi-2013 | γ 射线 |	| `gamma ray` | 0004_blasi-2013 | $\gamma$ 射线 |	R2 核素/希腊字母/单位
429	| `He II λ4640 (N III)` | 0011_kewley-2001-starburst | N III 4640 与 He II 4658 混杂 |	| `He II $\lambda$4640 (N III)` | 0011_kewley-2001-starburst | N III 4640 与 He II 4658 混杂 |	R2 核素/希腊字母/单位
430	| `He II λ4686` | 0011_kewley-2001-starburst | 氦 II 4686 Å 发射线 |	| `He II $\lambda$4686` | 0011_kewley-2001-starburst | 氦 II 4686 Å 发射线 |	R2 核素/希腊字母/单位
436	| `Hoyle 共振态 (Hoyle state)` | 0003_fowler-1984 | ¹²C 7.654 MeV 共振态，是 3α 反应的关键，1965 年实验验证 |	| `Hoyle 共振态 (Hoyle state)` | 0003_fowler-1984 | $^{12}{\rm C}$ 7.654 MeV 共振态，是 3$\alpha$ 反应的关键，1965 年实验验证 |	R2 核素/希腊字母/单位
437	| `Hoyle 态 (Hoyle state)` | 0001_b2fh-1957 | ¹²C 7.65 MeV 共振态，是 3α 反应的天体物理钥匙 |	| `Hoyle 态 (Hoyle state)` | 0001_b2fh-1957 | $^{12}{\rm C}$ 7.65 MeV 共振态，是 3$\alpha$ 反应的天体物理钥匙 |	R2 核素/希腊字母/单位
438	| `Hβ profile` | 0010_gies-lambert-1992 | Hβ 线轮廓 |	| `H$\beta$ profile` | 0010_gies-lambert-1992 | H$\beta$ 线轮廓 |	R2 核素/希腊字母/单位
471	| `ionization parameter (χ, U)` | 0011_kewley-2001-starburst | 电离参数 |	| `ionization parameter ($\chi$, U)` | 0011_kewley-2001-starburst | 电离参数 |	R2 核素/希腊字母/单位
488	| `Li λ6708` | 0012_dieterich-2014-h-burning-limit | 锂 6708 Å 吸收线 |	| `Li $\lambda$6708` | 0012_dieterich-2014-h-burning-limit | 锂 6708 Å 吸收线 |	R2 核素/希腊字母/单位
497	| `lithium test (Rebolo 1992)` | 0012_dieterich-2014-h-burning-limit | 锂检验（Li λ6708 线检测亚恒星） |	| `lithium test (Rebolo 1992)` | 0012_dieterich-2014-h-burning-limit | 锂检验（Li $\lambda$6708 线检测亚恒星） |	R2 核素/希腊字母/单位
502	| `log ε (astronomical abundance)` | 0009_asplund-2009-solar-composition | 天文对数丰度 log ε_X = log(N_X/N_H)+12 |	| `log $\epsilon$ (astronomical abundance)` | 0009_asplund-2009-solar-composition | 天文对数丰度 log $\epsilon$_X = log(N_X/N_H)+12 |	R2 核素/希腊字母/单位
503	| `log ε(X)` | 0010_gies-lambert-1992 | 天文对数丰度 log(N_X/N_H)+12 |	| `log $\epsilon$(X)` | 0010_gies-lambert-1992 | 天文对数丰度 log(N_X/N_H)+12 |	R2 核素/希腊字母/单位
539	| `muon` | 0001_bhattacharjee-sigl-2000 | μ 子 |	| `muon` | 0001_bhattacharjee-sigl-2000 | $\mu$ 子 |	R2 核素/希腊字母/单位
561	| `nuclear reaction rate ⟨σv⟩` | 0005_champagne-wiescher-1992 | 核反应率 |	| `nuclear reaction rate ⟨$\sigma$v⟩` | 0005_champagne-wiescher-1992 | 核反应率 |	R2 核素/希腊字母/单位
572	| `omega Centauri (ω Cen)` | 0015_kraft-1994 | 半人马座 ω |	| `omega Centauri ($\omega$ Cen)` | 0015_kraft-1994 | 半人马座 $\omega$ |	R2 核素/希腊字母/单位
591	| `p 过程 (proton process)` | 0002_trimble-1975 | 通过 (γ,n) 或 (p,γ) 产生质子富集核的过程 |	| `p 过程 (proton process)` | 0002_trimble-1975 | 通过 ($\gamma$,n) 或 (p,$\gamma$) 产生质子富集核的过程 |	R2 核素/希腊字母/单位
615	| `proton capture on ²²Ne` | 0015_kraft-1994 | ²²Ne 质子俘获 |	| `proton capture on $^{22}{\rm Ne}$` | 0015_kraft-1994 | $^{22}{\rm Ne}$ 质子俘获 |	R2 核素/希腊字母/单位
634	| `r 过程 (rapid neutron capture)` | 0002_trimble-1975 | 中子俘获远快于 β 衰变的快中子俘获过程 |	| `r 过程 (rapid neutron capture)` | 0002_trimble-1975 | 中子俘获远快于 $\beta$ 衰变的快中子俘获过程 |	R2 核素/希腊字母/单位
678	| `Stefan–Boltzmann law` | 0012_dieterich-2014-h-burning-limit | 斯特凡–玻尔兹曼定律 L=4πR²σT⁴ |	| `Stefan–Boltzmann law` | 0012_dieterich-2014-h-burning-limit | 斯特凡–玻尔兹曼定律 L=4$\pi$R²$\sigma$T⁴ |	R2 核素/希腊字母/单位
679	| `Strömgren photometry` | 0010_gies-lambert-1992 | Strömgren 测光（u,v,b,y,c1,β） |	| `Strömgren photometry` | 0010_gies-lambert-1992 | Strömgren 测光（u,v,b,y,c1,$\beta$） |	R2 核素/希腊字母/单位
683	| `s 过程 (slow neutron capture)` | 0002_trimble-1975 | 中子俘获慢于 β 衰变的慢中子俘获过程 |	| `s 过程 (slow neutron capture)` | 0002_trimble-1975 | 中子俘获慢于 $\beta$ 衰变的慢中子俘获过程 |	R2 核素/希腊字母/单位
715	| `spin-statistical factor ω` | 0005_champagne-wiescher-1992 | 自旋统计因子 |	| `spin-statistical factor $\omega$` | 0005_champagne-wiescher-1992 | 自旋统计因子 |	R2 核素/希腊字母/单位
721	| `stellar β-decaday rate` | 0005_champagne-wiescher-1992 | 恒星 β 衰变率 |	| `stellar $\beta$-decaday rate` | 0005_champagne-wiescher-1992 | 恒星 $\beta$ 衰变率 |	R2 核素/希腊字母/单位
759	| `triple alpha process` | 0015_kraft-1994 | ³α 过程 |	| `triple alpha process` | 0015_kraft-1994 | ³$\alpha$ 过程 |	R2 核素/希腊字母/单位
785	| `WIMP miracle` | 0013_bertone-hooper-2018 | WIMP 奇迹（σv ~ 弱力截面） |	| `WIMP miracle` | 0013_bertone-hooper-2018 | WIMP 奇迹（$\sigma$v ~ 弱力截面） |	R2 核素/希腊字母/单位
811	| `[Fe III] λ4658` | 0011_kewley-2001-starburst | 铁 III 4658 禁戒线 |	| `[Fe III] $\lambda$4658` | 0011_kewley-2001-starburst | 铁 III 4658 禁戒线 |	R2 核素/希腊字母/单位
814	| `[N II]/Hα, [S II]/Hα, [O I]/Hα` | 0011_kewley-2001-starburst | 诊断图横轴（低激发比） |	| `[N II]/H$\alpha$, [S II]/H$\alpha$, [O I]/H$\alpha$` | 0011_kewley-2001-starburst | 诊断图横轴（低激发比） |	R2 核素/希腊字母/单位
815	| `[O III]/Hβ` | 0011_kewley-2001-starburst | 诊断图纵轴（强激发比） |	| `[O III]/H$\beta$` | 0011_kewley-2001-starburst | 诊断图纵轴（强激发比） |	R2 核素/希腊字母/单位
817	| `[α/Fe] substructure` | 0015_kraft-1994 | α/Fe 丰度亚结构 |	| `[$\alpha$/Fe] substructure` | 0015_kraft-1994 | $\alpha$/Fe 丰度亚结构 |	R2 核素/希腊字母/单位
821	| `²²Ne(α,n)²⁵Mg` | 0015_kraft-1994 | 中子源反应 |	| `$^{22}{\rm Ne}$($\alpha$,n)$^{25}{\rm Mg}$` | 0015_kraft-1994 | 中子源反应 |	R2 核素/希腊字母/单位
822	| `²³Na, ²⁷Al production` | 0015_kraft-1994 | Na、Al 合成 |	| `$^{23}{\rm Na}$, $^{27}{\rm Al}$ production` | 0015_kraft-1994 | Na、Al 合成 |	R2 核素/希腊字母/单位
823	| `²⁰Ne(α,n)²⁴Mg 中子源` | 0001_b2fh-1957 | 高温中子源 |	| `$^{20}{\rm Ne}$($\alpha$,n)$^{24}{\rm Mg}$ 中子源` | 0001_b2fh-1957 | 高温中子源 |	R2 核素/希腊字母/单位
824	| `²⁰Ne–²³Na chain` | 0015_kraft-1994 | 20Ne–23Na 反应链 |	| `$^{20}{\rm Ne}$–$^{23}{\rm Na}$ chain` | 0015_kraft-1994 | 20Ne–23Na 反应链 |	R2 核素/希腊字母/单位
825	| `²⁶Al 1809 keV γ 线` | 0003_fowler-1984 | 银河系内 ²⁶Al β⁺ 衰变伴随的特征 γ 线，证明核合成"今天"仍在进行 |	| `$^{26}{\rm Al}$ 1809 keV $\gamma$ 线` | 0003_fowler-1984 | 银河系内 $^{26}{\rm Al}$ $\beta^{"+" if m.group(1)=="⁺" else "-"}$ 衰变伴随的特征 $\gamma$ 线，证明核合成"今天"仍在进行 |	R2 核素/希腊字母/单位
829	| `¹²C 口袋的形成` | 0004_wallerstein-1997 | 半对流混合、超射、He 闪后 H 摄取等多机制竞争 |	| `$^{12}{\rm C}$ 口袋的形成` | 0004_wallerstein-1997 | 半对流混合、超射、He 闪后 H 摄取等多机制竞争 |	R2 核素/希腊字母/单位
830	| `¹²C(α,n)¹⁶O 中子源` | 0001_b2fh-1957 | AGB 星 s 过程的重要低温中子源 |	| `$^{12}{\rm C}$($\alpha$,n)$^{16}{\rm O}$ 中子源` | 0001_b2fh-1957 | AGB 星 s 过程的重要低温中子源 |	R2 核素/希腊字母/单位
831	| `¹²C(α,γ)¹⁶O` | 0003_fowler-1984 | 恒星 He 燃烧中决定 C/O 比的核心反应，速率仍存 1.6 倍不确定 |	| `$^{12}{\rm C}$($\alpha$,$\gamma$)$^{16}{\rm O}$` | 0003_fowler-1984 | 恒星 He 燃烧中决定 C/O 比的核心反应，速率仍存 1.6 倍不确定 |	R2 核素/希腊字母/单位
832	| `¹²C/¹³C ratio` | 0015_kraft-1994 | 碳同位素比 |	| `$^{12}{\rm C}$/$^{13}{\rm C}$ ratio` | 0015_kraft-1994 | 碳同位素比 |	R2 核素/希腊字母/单位
834	### Α	### $\Alpha$	R2 核素/希腊字母/单位
836	| `α-rich freezeout (α 过程)` | 0004_wallerstein-1997 | 中子星形成早期 α 粒子富集的冻结过程，产生 A~100 的 r 过程种子核 |	| `$\alpha$-rich freezeout ($\alpha$ 过程)` | 0004_wallerstein-1997 | 中子星形成早期 $\alpha$ 粒子富集的冻结过程，产生 A~100 的 r 过程种子核 |	R2 核素/希腊字母/单位
838	### Β	### $\Beta$	R2 核素/希腊字母/单位
840	| `β 衰变 (beta decay)` | 0001_b2fh-1957 | 核通过弱相互作用改变 Z/N 的衰变 |	| `$\beta$ 衰变 (beta decay)` | 0001_b2fh-1957 | 核通过弱相互作用改变 Z/N 的衰变 |	R2 核素/希腊字母/单位
841	| `β-delayed neutron emission` | 0014_cameron-1968 | β 延迟中子发射 |	| `$\beta$-delayed neutron emission` | 0014_cameron-1968 | $\beta$ 延迟中子发射 |	R2 核素/希腊字母/单位
843	### Γ	### $\Gamma$	R2 核素/希腊字母/单位
845	| `Γ_γ (radiative width)` | 0005_champagne-wiescher-1992 | 辐射宽度 |	| `$\Gamma$_$\gamma$ (radiative width)` | 0005_champagne-wiescher-1992 | 辐射宽度 |	R2 核素/希腊字母/单位
846	| `Γ₁ (adiabatic exponent)` | 0009_asplund-2009-solar-composition | 绝热指数 |	| `$\Gamma$₁ (adiabatic exponent)` | 0009_asplund-2009-solar-composition | 绝热指数 |	R2 核素/希腊字母/单位
848	### Δ	### $\Delta$	R2 核素/希腊字母/单位
850	| `Δt/Δ[O/Fe] ≈ 4 Gyr/dex` | 0015_kraft-1994 | O 丰度对年龄敏感度 |	| `$\Delta$t/$\Delta$[O/Fe] ≈ 4 Gyr/dex` | 0015_kraft-1994 | O 丰度对年龄敏感度 |	R2 核素/希腊字母/单位
852	### Λ	### $\Lambda$	R2 核素/希腊字母/单位
854	| `ΛCDM` | 0013_bertone-hooper-2018 | ΛCDM 标准宇宙学模型 |	| `$\Lambda$CDM` | 0013_bertone-hooper-2018 | $\Lambda$CDM 标准宇宙学模型 |	R2 核素/希腊字母/单位
856	### Μ	### $\Mu$	R2 核素/希腊字母/单位
858	| `μ gradient` | 0015_kraft-1994 | 质量分数梯度 |	| `$\mu$ gradient` | 0015_kraft-1994 | 质量分数梯度 |	R2 核素/希腊字母/单位
860	### Ν	### $\Nu$	R2 核素/希腊字母/单位
862	| `ν 过程 (neutrino-process)` | 0004_wallerstein-1997 | Woosley et al. (1990) 提出的新过程——中微子蒸发核子改变传统合成结果 |	| `$\nu$ 过程 (neutrino-process)` | 0004_wallerstein-1997 | Woosley et al. (1990) 提出的新过程——中微子蒸发核子改变传统合成结果 |	R2 核素/希腊字母/单位
864	### Ρ	### $\Rho$	R2 核素/希腊字母/单位
866	| `ρ Leo (HD 91316)` | 0010_gies-lambert-1992 | 本文最 N 富集星 |	| `$\rho$ Leo (HD 91316)` | 0010_gies-lambert-1992 | 本文最 N 富集星 |	R2 核素/希腊字母/单位
868	### Σ	### $\Sigma$	R2 核素/希腊字母/单位
870	| `σN_s plot` | 0006_anders-grevesse | σN_s 图 |	| `$\sigma$N_s plot` | 0006_anders-grevesse | $\sigma$N_s 图 |	R2 核素/希腊字母/单位
871	| `σ_N` | 0014_cameron-1968 | 截面-丰度乘积 |	| `$\sigma$_N` | 0014_cameron-1968 | 截面-丰度乘积 |	R2 核素/希腊字母/单位
873	### Ω	### $\Omega$	R2 核素/希腊字母/单位
875	| `Ω_b h², Ω_c h²` | 0013_bertone-hooper-2018 | 重子/冷暗物质密度参数 |	| `$\Omega$_b h², $\Omega$_c h²` | 0013_bertone-hooper-2018 | 重子/冷暗物质密度参数 |	R2 核素/希腊字母/单位
876	| `ωγ (omega-gamma)` | 0005_champagne-wiescher-1992 | 共振强度 |	| `$\omega$$\gamma$ (omega-gamma)` | 0005_champagne-wiescher-1992 | 共振强度 |	R2 核素/希腊字母/单位
880	| `中子俘获 (neutron capture, (n,γ))` | 0001_b2fh-1957 | 核吸收中子并发射 γ 光子的反应 |	| `中子俘获 (neutron capture, (n,$\gamma$))` | 0001_b2fh-1957 | 核吸收中子并发射 $\gamma$ 光子的反应 |	R2 核素/希腊字母/单位
881	| `中子俘获截面 (neutron-capture cross section)` | 0002_trimble-1975 | (n,γ) 反应的概率 |	| `中子俘获截面 (neutron-capture cross section)` | 0002_trimble-1975 | (n,$\gamma$) 反应的概率 |	R2 核素/希腊字母/单位
888	| `伽马射线` | 0004_blasi-2013 | γ 射线 |	| `伽马射线` | 0004_blasi-2013 | $\gamma$ 射线 |	R2 核素/希腊字母/单位
898	| `光致蜕变 (photodisintegration, (γ,n))` | 0001_b2fh-1957 | γ 光子打飞核内的中子/质子 |	| `光致蜕变 (photodisintegration, ($\gamma$,n))` | 0001_b2fh-1957 | $\gamma$ 光子打飞核内的中子/质子 |	R2 核素/希腊字母/单位
902	| `八大合成过程 (eight processes)` | 0001_b2fh-1957 | H 燃烧、He 燃烧、α、ε、s、r、p、x 八大过程 |	| `八大合成过程 (eight processes)` | 0001_b2fh-1957 | H 燃烧、He 燃烧、$\alpha$、$\epsilon$、s、r、p、x 八大过程 |	R2 核素/希腊字母/单位
906	| `分支因子 (branching factor, f_β)` | 0004_wallerstein-1997 | s 过程分支点处 β 衰变与中子俘获的相对概率，反推 n_ν, T |	| `分支因子 (branching factor, f_$\beta$)` | 0004_wallerstein-1997 | s 过程分支点处 $\beta$ 衰变与中子俘获的相对概率，反推 n_$\nu$, T |	R2 核素/希腊字母/单位
922	| `原初核合成 (Big Bang nucleosynthesis, BBN)` | 0004_wallerstein-1997 | 宇宙早期 D、³He、⁷Li 的合成 |	| `原初核合成 (Big Bang nucleosynthesis, BBN)` | 0004_wallerstein-1997 | 宇宙早期 D、$^{3}{\rm He}$、$^{7}{\rm Li}$ 的合成 |	R2 核素/希腊字母/单位
969	| `截面 (cross section, σ)` | 0001_b2fh-1957 | 核反应发生概率的量度 (1 barn = $10^{-24}$ cm²) |	| `截面 (cross section, $\sigma$)` | 0001_b2fh-1957 | 核反应发生概率的量度 (1 barn = $10^{-24}$ cm²) |	R2 核素/希腊字母/单位
992	| `核宇宙化学计时 (cosmochronology)` | 0003_fowler-1984 | 用放射性核素（²³²Th, ²³⁵U, ²³⁸U, ¹⁸⁷Re）反推银河系年龄 |	| `核宇宙化学计时 (cosmochronology)` | 0003_fowler-1984 | 用放射性核素（$^{232}{\rm Th}$, $^{235}{\rm U}$, $^{238}{\rm U}$, $^{187}{\rm Re}$）反推银河系年龄 |	R2 核素/希腊字母/单位
997	| `洋葱分层 (onion-skin)` | 0003_fowler-1984 | 25 M☉ 恒星从外到内 H→He→C→Ne→O→Si 依次燃烧 |	| `洋葱分层 (onion-skin)` | 0003_fowler-1984 | 25 $M_\odot$ 恒星从外到内 H→He→C→Ne→O→Si 依次燃烧 |	R2 核素/希腊字母/单位
1017	| `经典 s 过程模型 (classical s-process)` | 0004_wallerstein-1997 | Käppeler et al. (1989)；两个参数 (f, τ₀) 描述 A=56–209 的 s-only 核素 |	| `经典 s 过程模型 (classical s-process)` | 0004_wallerstein-1997 | Käppeler et al. (1989)；两个参数 (f, $\tau$₀) 描述 A=56–209 的 s-only 核素 |	R2 核素/希腊字母/单位
1041	| `超风 (superwind)` | 0004_wallerstein-1997 | AGB 星晚期（脉动周期 >400 天）的强烈星风，质量损失率 $10^{-5}$–$10^{-4}$ M☉/yr |	| `超风 (superwind)` | 0004_wallerstein-1997 | AGB 星晚期（脉动周期 >400 天）的强烈星风，质量损失率 $10^{-5}$–$10^{-4}$ $M_\odot$/yr |	R2 核素/希腊字母/单位
25	| 时间 | 文献/事件 | 立场与数值（log ε Fe） |	| 时间 | 文献/事件 | 立场与数值（log $\epsilon$ Fe） |	R2 核素/希腊字母/单位
46	| 2000 | Bhattacharjee & Sigl | 权威综述：Bottom-up（AGN/SNR/GRB）vs Top-down 全面对比，指出 Top-down 的 γ/ν 伴随辐射预言 |	| 2000 | Bhattacharjee & Sigl | 权威综述：Bottom-up（AGN/SNR/GRB）vs Top-down 全面对比，指出 Top-down 的 $\gamma$/$\nu$ 伴随辐射预言 |	R2 核素/希腊字母/单位
54	## 3. 银河系 CR 传播参数：扩散谱指数 δ 与晕高 z_h	## 3. 银河系 CR 传播参数：扩散谱指数 $\delta$ 与晕高 z_h	R2 核素/希腊字母/单位
58	| 1970s–80s | 经典理论 | Kolmogorov 湍流 δ=0.33 vs Kraichnan δ=0.54 |	| 1970s–80s | 经典理论 | Kolmogorov 湍流 $\delta$=0.33 vs Kraichnan $\delta$=0.54 |	R2 核素/希腊字母/单位
59	| 1990 | Gaisser | B/C 比推断 δ≈0.3–0.6（模型依赖） |	| 1990 | Gaisser | B/C 比推断 $\delta$≈0.3–0.6（模型依赖） |	R2 核素/希腊字母/单位
60	| 2007 | Strong et al. | GALPROP 系统拟合：δ 与 z_h 强耦合（z_h≈4–6 kpc） |	| 2007 | Strong et al. | GALPROP 系统拟合：$\delta$ 与 z_h 强耦合（z_h≈4–6 kpc） |	R2 核素/希腊字母/单位
61	| 2013 | Blasi | 重提传播方程现代形式（δ 与再加速耦合） |	| 2013 | Blasi | 重提传播方程现代形式（$\delta$ 与再加速耦合） |	R2 核素/希腊字母/单位
63	| 2015 | Grenier | 九命综述：放射性时钟（¹⁰Be/²⁶Al）限 z_h≈4 kpc |	| 2015 | Grenier | 九命综述：放射性时钟（$^{10}{\rm Be}$/$^{26}{\rm Al}$）限 z_h≈4 kpc |	R2 核素/希腊字母/单位
64	| 2016+ | AMS-02 | 高精度 B/C → δ 上限收紧；z_h 被压低 |	| 2016+ | AMS-02 | 高精度 B/C → $\delta$ 上限收紧；z_h 被压低 |	R2 核素/希腊字母/单位
76	| ~1978–2000s | SNR 扩散激波加速（DSA）范式 | "三支柱"论证（谱指数/能量学/γ 射线）确立为默认范式 |	| ~1978–2000s | SNR 扩散激波加速（DSA）范式 | "三支柱"论证（谱指数/能量学/$\gamma$ 射线）确立为默认范式 |	R2 核素/希腊字母/单位
81	| 2021 | LHAASO | 发现银河系 **PeVatron**（超高能 γ 源）——超泡作为膝点 CR 位点被支持 |	| 2021 | LHAASO | 发现银河系 **PeVatron**（超高能 $\gamma$ 源）——超泡作为膝点 CR 位点被支持 |	R2 核素/希腊字母/单位
92	| 1957 | B²FH | 提出 r/s 过程框架（尚无具体位点） |	| 1957 | B$^2$FH | 提出 r/s 过程框架（尚无具体位点） |	R2 核素/希腊字母/单位
93	| 1984 | Fowler | r 过程位点候选：中微子风 SN；s 过程：AGB ¹³C 口袋 |	| 1984 | Fowler | r 过程位点候选：中微子风 SN；s 过程：AGB $^{13}{\rm C}$ 口袋 |	R2 核素/希腊字母/单位
94	| 1997 | Wallerstein | 综述：r 过程位点仍未定（超新星 vs 合并）；s 过程 ¹³C 形成机制（Ne 富集 vs 混合）未决 |	| 1997 | Wallerstein | 综述：r 过程位点仍未定（超新星 vs 合并）；s 过程 $^{13}{\rm C}$ 形成机制（Ne 富集 vs 混合）未决 |	R2 核素/希腊字母/单位
137	| ¹²C(α,γ)¹⁶O 反应率 | S(300keV) 1.0–2.0 keV·b | LUNA 收窄至 ~10–20% |	| $^{12}{\rm C}$($\alpha$,$\gamma$)$^{16}{\rm O}$ 反应率 | S(300keV) 1.0–2.0 keV·b | LUNA 收窄至 ~10–20% |	R2 核素/希腊字母/单位
145	1957  B²FH —— 核合成框架（r/s 过程）起点	1957  B$^2$FH —— 核合成框架（r/s 过程）起点	R2 核素/希腊字母/单位
151	2007  Strong —— 传播参数系统拟合（δ/z_h 耦合）	2007  Strong —— 传播参数系统拟合（$\delta$/z_h 耦合）	R2 核素/希腊字母/单位
49	| DSA 谱指数 α = 3r/(r-1) | `01_cosmic_rays.md` §1.2.1 | 激波加速 |	| DSA 谱指数 $\alpha$ = 3r/(r-1) | `01_cosmic_rays.md` §1.2.1 | 激波加速 |	R2 核素/希腊字母/单位
51	| 3α 反应率 | `02_nucleosynthesis.md` §2.3.1 | 氦燃烧 |	| 3$\alpha$ 反应率 | `02_nucleosynthesis.md` §2.3.1 | 氦燃烧 |	R2 核素/希腊字母/单位
52	| s 过程稳态流 σN = const | `02_nucleosynthesis.md` §2.5.2 | 慢中子俘获 |	| s 过程稳态流 $\sigma$N = const | `02_nucleosynthesis.md` §2.5.2 | 慢中子俘获 |	R2 核素/希腊字母/单位
53	| 封闭箱模型 Z = y·ln(1/μ) | `02_nucleosynthesis.md` §2.10.1 | 化学演化 |	| 封闭箱模型 Z = y·ln(1/$\mu$) | `02_nucleosynthesis.md` §2.10.1 | 化学演化 |	R2 核素/希腊字母/单位
